match_id,source_match_id,canonical_home_team,canonical_away_team,source_home_team,source_away_team,home_similarity,away_similarity,mean_similarity,runner_up_margin,fixture_kickoff,series_file,reason
e7c1dd98-9093-4f70-9659-476a214b56e3,912855,Hannover 96,Borussia Dortmund,Hannover,Dortmund,88.88888888888889,66.66666666666667,77.77777777777777,48.253968253968246,2015-09-12 15:30:00+00:00,odds_series.csv.gz,ambiguous_or_below_threshold
f406d836-7637-4de6-9c64-b138a12026d9,912916,West Bromwich Albion,Southampton,West Brom,Southampton,61.53846153846154,100.0,80.76923076923077,36.60256410256411,2015-09-12 16:00:00+00:00,odds_series.csv.gz,ambiguous_or_below_threshold
80872cd4-2df9-4314-8ce1-3681978ec6ef,913460,Montpellier Hérault SC,AS Saint-Étienne,Montpellier,St Etienne,70.96774193548387,78.26086956521739,74.61430575035064,37.68248756853245,2015-09-12 20:00:00+00:00,odds_series.csv.gz,ambiguous_or_below_threshold
b4c7a16d-445a-43e9-b5b3-2202efa00c25,913461,OGC Nice,En Avant de Guingamp,Nice,Guingamp,72.72727272727273,69.56521739130434,71.14624505928853,31.97957839262186,2015-09-12 20:00:00+00:00,odds_series.csv.gz,ambiguous_or_below_threshold
7621da3d-b851-427f-9f70-96a799f5364c,913534,Real Betis Balompié,Real Sociedad,Betis,Real Sociedad,45.45454545454546,100.0,72.72727272727273,30.652680652680658,2015-09-12 22:00:00+00:00,odds_series.csv.gz,ambiguous_or_below_threshold
9ffd6b7a-59c9-4aeb-9f08-1425815294f5,913388,Real Sporting de Gijón,Valencia CF,Gijon,Valencia,45.45454545454546,100.0,72.72727272727273,28.36452762923352,2015-09-12 18:15:00+00:00,odds_series.csv.gz,ambiguous_or_below_threshold
db5b9159-e4e2-4517-9e43-dd9306c66a28,920931,FC Schalke 04,1. FSV Mainz 05,Schalke,Mainz,87.5,62.5,75.0,41.95652173913043,2015-09-13 17:30:00+00:00,odds_series.csv.gz,ambiguous_or_below_threshold
03fd09ab-d67b-4172-b151-00e3156e33a2,920866,FC Nantes,Stade Rennais FC,Nantes,Rennes,100.0,55.55555555555556,77.77777777777777,30.050505050505038,2015-09-13 17:00:00+00:00,odds_series.csv.gz,ambiguous_or_below_threshold
b3133ced-815a-4e55-b21d-3852b0927b44,921135,Olympique de Marseille,SC Bastia,Marseille,Bastia,66.66666666666667,85.71428571428572,76.1904761904762,37.52052545155995,2015-09-13 21:00:00+00:00,odds_series.csv.gz,ambiguous_or_below_threshold
b98736a2-bb02-48b0-bd7c-0026f88c8fe1,954200,1. FSV Mainz 05,TSG 1899 Hoffenheim,Mainz,Hoffenheim,62.5,74.07407407407408,68.28703703703704,20.167914779983747,2015-09-18 20:30:00+00:00,odds_series.csv.gz,ambiguous_or_below_threshold
965aaf9d-1722-4acf-a046-cdb57012e5d9,961792,Aston Villa,West Bromwich Albion,Aston Villa,West Brom,100.0,61.53846153846154,80.76923076923077,27.35746606334842,2015-09-19 16:00:00+00:00,odds_series.csv.gz,ambiguous_or_below_threshold
afb01b38-5850-4cbd-931f-fb77a478a67d,962233,SM Caen,Montpellier Hérault SC,Caen,Montpellier,80.0,70.96774193548387,75.48387096774194,36.781947890818856,2015-09-19 20:00:00+00:00,odds_series.csv.gz,ambiguous_or_below_threshold
6d850483-cbd0-4364-90e9-50dddca59ece,962137,Valencia CF,Real Betis Balompié,Valencia,Betis,100.0,45.45454545454546,72.72727272727273,21.917556128082452,2015-09-19 18:15:00+00:00,odds_series.csv.gz,ambiguous_or_below_threshold
1f3927d8-8c5b-42d2-ba2e-817003cab76c,969998,Girondins de Bordeaux,Toulouse FC,Bordeaux,Toulouse,64.0,100.0,82.0,41.681697612732094,2015-09-20 14:00:00+00:00,odds_series.csv.gz,ambiguous_or_below_threshold
220eea6c-73ea-4db6-b631-3180a598c8a8,985476,Angers SCO,Stade de Reims,Angers,Reims,80.0,66.66666666666667,73.33333333333334,35.00000000000001,2015-09-22 19:00:00+00:00,odds_series.csv.gz,ambiguous_or_below_threshold
29cc73ba-d100-4eb1-bb1a-11e5aa1cbc6a,991596,Bayer 04 Leverkusen,1. FSV Mainz 05,Bayer Leverkusen,Mainz,93.75,62.5,78.125,43.00595238095238,2015-09-23 20:00:00+00:00,odds_series.csv.gz,ambiguous_or_below_threshold
a1a4d470-f4ec-4d8d-915c-1e7ad5829eb5,991599,TSG 1899 Hoffenheim,Borussia Dortmund,Hoffenheim,Dortmund,74.07407407407408,66.66666666666667,70.37037037037038,39.2934472934473,2015-09-23 20:00:00+00:00,odds_series.csv.gz,ambiguous_or_below_threshold
e4373ae4-34f3-4ad0-a4a7-948cbca59818,991546,OGC Nice,Girondins de Bordeaux,Nice,Bordeaux,72.72727272727273,64.0,68.36363636363637,38.143856143856155,2015-09-23 19:00:00+00:00,odds_series.csv.gz,ambiguous_or_below_threshold
ee4b6a3d-705a-4f04-889d-a011c622cbc0,991543,GFC Ajaccio,Stade Rennais FC,GFC Ajaccio,Rennes,100.0,55.55555555555556,77.77777777777777,38.12865497076022,2015-09-23 19:00:00+00:00,odds_series.csv.gz,ambiguous_or_below_threshold
57bda384-7016-4afc-8a5e-5093622c9197,1005250,Stade de Reims,LOSC Lille,Reims,Lille,66.66666666666667,71.42857142857143,69.04761904761905,31.035923141186302,2015-09-25 20:30:00+00:00,odds_series.csv.gz,ambiguous_or_below_threshold
a9bd9c49-24ff-4dce-88fc-d86ddee0d8c1,1011336,1. FSV Mainz 05,FC Bayern Munich,Mainz,Bayern Munich,62.5,100.0,81.25,46.62842190016103,2015-09-26 15:30:00+00:00,odds_series.csv.gz,ambiguous_or_below_threshold
00cb2af5-298c-4c13-9dc4-e3176ac1240e,1011426,West Ham United,Norwich City,West Ham,Norwich,70.0,77.77777777777779,73.88888888888889,36.61616161616162,2015-09-26 16:00:00+00:00,odds_series.csv.gz,ambiguous_or_below_threshold
61025ce7-5ca5-44a1-92f9-dea01cd45c5b,1011853,Stade Rennais FC,ES Troyes AC,Rennes,Troyes,55.55555555555556,85.71428571428572,70.63492063492063,22.218631042160453,2015-09-26 20:00:00+00:00,odds_series.csv.gz,ambiguous_or_below_threshold
1146771f-4e96-4b46-b0e8-1ef3a223d029,1020240,Borussia Dortmund,SV Darmstadt 98,Dortmund,Darmstadt,66.66666666666667,81.81818181818181,74.24242424242425,38.10111989459816,2015-09-27 17:30:00+00:00,odds_series.csv.gz,ambiguous_or_below_threshold
52786eaf-35ec-432a-b13b-d26befbf354d,1020183,En Avant de Guingamp,AS Monaco,Guingamp,Monaco,69.56521739130434,85.71428571428572,77.63975155279503,42.25513616817965,2015-09-27 17:00:00+00:00,odds_series.csv.gz,ambiguous_or_below_threshold
c8a33b08-bc43-4e5a-9e7f-1fd6bd1af505,1019609,Olympique de Marseille,Angers SCO,Marseille,Angers,66.66666666666667,80.0,73.33333333333334,30.47619047619049,2015-09-27 14:00:00+00:00,odds_series.csv.gz,ambiguous_or_below_threshold
7e5f0841-c847-472e-8373-0321fc8cffad,1030535,West Bromwich Albion,Everton,West Brom,Everton,61.53846153846154,100.0,80.76923076923077,100.0,2015-09-28 21:00:00+00:00,odds_series.csv.gz,ambiguous_or_below_threshold
6047273e-253a-485c-9e8b-23487e00eb95,1061521,SV Darmstadt 98,1. FSV Mainz 05,Darmstadt,Mainz,81.81818181818181,62.5,72.1590909090909,48.36598746081505,2015-10-02 20:30:00+00:00,odds_series.csv.gz,ambiguous_or_below_threshold
b783d1f5-d072-43d9-ab57-aa79a4c85486,1061519,LOSC Lille,Montpellier Hérault SC,Lille,Montpellier,71.42857142857143,70.96774193548387,71.19815668202764,22.03849281648143,2015-10-02 20:30:00+00:00,odds_series.csv.gz,ambiguous_or_below_threshold
27c00a2a-d850-4d81-8e64-7fd68d01fb6e,1068545,Crystal Palace,West Bromwich Albion,Crystal Palace,West Brom,100.0,61.53846153846154,80.76923076923077,39.030100334448164,2015-10-03 13:45:00+00:00,odds_series.csv.gz,ambiguous_or_below_threshold
b532613d-ae44-48c0-aa9d-2561fc5272ed,1069458,ES Troyes AC,En Avant de Guingamp,Troyes,Guingamp,85.71428571428572,69.56521739130434,77.63975155279503,38.40530179202948,2015-10-03 20:00:00+00:00,odds_series.csv.gz,ambiguous_or_below_threshold
bb13c21c-6407-47f8-9513-89c3d34feb85,1069486,Chievo Verona,Hellas Verona,Chievo,Verona,66.66666666666667,66.66666666666667,66.66666666666667,21.8045112781955,2015-10-03 20:45:00+00:00,odds_series.csv.gz,ambiguous_or_below_threshold
21724f0e-06e7-4125-b808-83113d3822e8,1081679,Swansea City,Tottenham Hotspur,Swansea,Tottenham,77.77777777777779,72.0,74.88888888888889,38.222222222222214,2015-10-04 17:00:00+00:00,odds_series.csv.gz,ambiguous_or_below_threshold
5107d643-950e-45f3-8e8d-816633af082e,1081683,FC Lorient,Girondins de Bordeaux,Lorient,Bordeaux,100.0,64.0,82.0,37.64516129032258,2015-10-04 17:00:00+00:00,odds_series.csv.gz,ambiguous_or_below_threshold
c29286f0-54c8-43da-a1bd-dcb4fb6c66a8,1081240,AS Monaco,Stade Rennais FC,Monaco,Rennes,85.71428571428572,55.55555555555556,70.63492063492063,20.634920634920633,2015-10-04 14:00:00+00:00,odds_series.csv.gz,ambiguous_or_below_threshold
03e782d2-0796-43e2-b3ed-f2125b2bf9d5,1081158,Rayo Vallecano,Real Betis Balompié,Rayo Vallecano,Betis,100.0,45.45454545454546,72.72727272727273,36.06060606060606,2015-10-04 12:00:00+00:00,odds_series.csv.gz,ambiguous_or_below_threshold
43ba34c7-85c7-468a-ac08-a1197df006b4,1194221,West Bromwich Albion,Sunderland,West Brom,Sunderland,61.53846153846154,100.0,80.76923076923077,39.34065934065934,2015-10-17 16:00:00+00:00,odds_series.csv.gz,ambiguous_or_below_threshold
3fbd33f6-d13a-47ef-a666-9a4dce7779f1,1194422,SC Bastia,Paris Saint-Germain,Bastia,Paris SG,85.71428571428572,58.33333333333333,72.02380952380952,31.08974358974359,2015-10-17 17:00:00+00:00,odds_series.csv.gz,ambiguous_or_below_threshold
9544bd91-1fd2-472c-9365-3ad955a11e23,1194590,En Avant de Guingamp,LOSC Lille,Guingamp,Lille,69.56521739130434,71.42857142857143,70.49689440993788,28.041651443185955,2015-10-17 20:00:00+00:00,odds_series.csv.gz,ambiguous_or_below_threshold
cd9ac953-2cf9-4da4-b8b5-8b361debf591,1204660,Girondins de Bordeaux,Montpellier Hérault SC,Bordeaux,Montpellier,64.0,70.96774193548387,67.48387096774194,31.483870967741936,2015-10-18 17:00:00+00:00,odds_series.csv.gz,ambiguous_or_below_threshold
174bd57d-dae5-4883-ad2d-26ed8434ce1e,1204767,RC Deportivo de La Coruña,Athletic Club de Bilbao,Dep. La Coruna,Ath Bilbao,73.33333333333334,78.26086956521739,75.79710144927537,36.74948240165632,2015-10-18 20:30:00+00:00,odds_series.csv.gz,ambiguous_or_below_threshold
e5be8d06-8ca0-47df-aa28-9708e5ea5b17,1211749,Real Sporting de Gijón,Granada CF,Gijon,Granada CF,45.45454545454546,100.0,72.72727272727273,100.0,2015-10-19 20:30:00+00:00,odds_series.csv.gz,ambiguous_or_below_threshold
5bbe2717-bb85-42a3-98b8-beb5b6ac6324,1982415,Olympique Lyonnais,Toulouse FC,Lyon,Toulouse,38.095238095238095,100.0,69.04761904761905,40.8994708994709,2015-10-23 20:30:00+00:00,odds_series.csv.gz,ambiguous_or_below_threshold
29f29558-d7e1-4fab-b340-95b1d64c2ac6,1983194,1. FSV Mainz 05,SV Werder Bremen,Mainz,Werder Bremen,62.5,92.3076923076923,77.40384615384616,45.24010346378768,2015-10-24 15:30:00+00:00,odds_series.csv.gz,ambiguous_or_below_threshold
7567a253-40a4-4e62-84c8-160f35db8d04,1982981,Norwich City,West Bromwich Albion,Norwich,West Brom,77.77777777777779,61.53846153846154,69.65811965811966,24.84330484330485,2015-10-24 16:00:00+00:00,odds_series.csv.gz,ambiguous_or_below_threshold
cc48b1aa-fa4a-48f0-8a70-1a2ba3eedb32,1983165,Angers SCO,En Avant de Guingamp,Angers,Guingamp,80.0,69.56521739130434,74.78260869565217,37.06331045003814,2015-10-24 20:00:00+00:00,odds_series.csv.gz,ambiguous_or_below_threshold
f1783adc-4510-4bb0-af4a-0605613ae054,1983164,FC Lorient,Stade Rennais FC,Lorient,Rennes,100.0,55.55555555555556,77.77777777777777,26.461988304093552,2015-10-24 17:00:00+00:00,odds_series.csv.gz,ambiguous_or_below_threshold
57d2e31c-2356-40a9-b639-95047682b23b,1983735,Granada CF,Real Betis Balompié,Granada CF,Betis,100.0,45.45454545454546,72.72727272727273,28.155844155844164,2015-10-24 18:15:00+00:00,odds_series.csv.gz,ambiguous_or_below_threshold
00dc6c89-6dee-4515-a122-222208fd6fe7,1984529,Paris Saint-Germain,AS Saint-Étienne,Paris SG,St Etienne,58.33333333333333,78.26086956521739,68.29710144927536,21.082247337869525,2015-10-25 21:00:00+00:00,odds_series.csv.gz,ambiguous_or_below_threshold
0f391eaf-917e-4a12-8441-a8adbb586e5d,1984527,Girondins de Bordeaux,ES Troyes AC,Bordeaux,Troyes,64.0,85.71428571428572,74.85714285714286,27.563025210084042,2015-10-25 17:00:00+00:00,odds_series.csv.gz,ambiguous_or_below_threshold
c887c99e-648f-43ef-8eb7-058b3e24e60b,1984526,Stade de Reims,AS Monaco,Reims,Monaco,66.66666666666667,85.71428571428572,76.1904761904762,32.91562238930662,2015-10-25 14:00:00+00:00,odds_series.csv.gz,ambiguous_or_below_threshold
fd9cdaae-9f79-4038-9687-623f88d33cdc,1984528,LOSC Lille,Olympique de Marseille,Lille,Marseille,71.42857142857143,66.66666666666667,69.04761904761905,28.571428571428577,2015-10-25 17:00:00+00:00,odds_series.csv.gz,ambiguous_or_below_threshold
d6d3d74c-8749-427f-9143-09b2f7872072,1990519,RC Deportivo de La Coruña,Atlético Madrid,Dep. La Coruna,Atl. Madrid,73.33333333333334,78.26086956521739,75.79710144927537,36.93995859213252,2015-10-30 20:30:00+00:00,odds_series.csv.gz,ambiguous_or_below_threshold
6cfb76b8-3a42-493c-804e-ba43bc928554,1991196,FC Augsburg,1. FSV Mainz 05,Augsburg,Mainz,100.0,62.5,81.25,52.290723981900456,2015-10-31 15:30:00+00:00,odds_series.csv.gz,ambiguous_or_below_threshold
992ed5a4-9d44-4248-9928-adf5e28a5f8f,1990956,West Bromwich Albion,Leicester City,West Brom,Leicester,61.53846153846154,81.81818181818181,71.67832167832168,30.46620046620047,2015-10-31 16:00:00+00:00,odds_series.csv.gz,ambiguous_or_below_threshold
2a64f016-b7bf-41dc-9c8e-76effb52886a,1991135,GFC Ajaccio,Girondins de Bordeaux,GFC Ajaccio,Bordeaux,100.0,64.0,82.0,43.877394636015325,2015-10-31 20:00:00+00:00,odds_series.csv.gz,ambiguous_or_below_threshold
44e6e381-346e-4143-9df8-c5a5e2796a9a,1991133,AS Saint-Étienne,Stade de Reims,St Etienne,Reims,78.26086956521739,66.66666666666667,72.46376811594203,32.86749482401657,2015-10-31 17:00:00+00:00,odds_series.csv.gz,ambiguous_or_below_threshold
f8f5871e-541a-47f5-8c90-5c8271f7f769,1212132,OGC Nice,LOSC Lille,Nice,Lille,72.72727272727273,71.42857142857143,72.07792207792208,33.002291825821246,2015-11-01 14:00:00+00:00,odds_series.csv.gz,ambiguous_or_below_threshold
ba9e45a8-9549-4053-8d32-213332ad3d06,1212533,Real Sporting de Gijón,Málaga CF,Gijon,Malaga,45.45454545454546,100.0,72.72727272727273,26.120937885643777,2015-11-01 18:15:00+00:00,odds_series.csv.gz,ambiguous_or_below_threshold
108462b2-4fb5-4988-8977-d66d4191ebd4,1232145,Angers SCO,Stade Rennais FC,Angers,Rennes,80.0,55.55555555555556,67.77777777777777,27.856829161176975,2015-11-06 20:30:00+00:00,odds_series.csv.gz,ambiguous_or_below_threshold
fc687762-1538-48b4-b5fa-84dbba2d329f,1239531,1. FSV Mainz 05,VfL Wolfsburg,Mainz,Wolfsburg,62.5,85.71428571428572,74.10714285714286,34.383822699040095,2015-11-07 15:30:00+00:00,odds_series.csv.gz,ambiguous_or_below_threshold
9db5ed02-40d0-4145-abec-27c6e4b85ebc,1239560,Norwich City,Swansea City,Norwich,Swansea,77.77777777777779,77.77777777777779,77.77777777777779,32.41436925647452,2015-11-07 16:00:00+00:00,odds_series.csv.gz,ambiguous_or_below_threshold
b89fcd99-2063-4fdd-b92e-a9c70b7a2ea7,1239559,Manchester United,West Bromwich Albion,Manchester United,West Brom,100.0,61.53846153846154,80.76923076923077,36.07957559681698,2015-11-07 16:00:00+00:00,odds_series.csv.gz,ambiguous_or_below_threshold
00ab1391-d6a3-4114-b2e5-e08e696450ed,1239876,SM Caen,En Avant de Guingamp,Caen,Guingamp,80.0,69.56521739130434,74.78260869565217,32.22308488612836,2015-11-07 20:00:00+00:00,odds_series.csv.gz,ambiguous_or_below_threshold
1ebecc47-3481-4bac-8069-c423a1bf4979,1239729,Paris Saint-Germain,Toulouse FC,Paris SG,Toulouse,58.33333333333333,100.0,79.16666666666666,49.54481792717086,2015-11-07 17:00:00+00:00,odds_series.csv.gz,ambiguous_or_below_threshold
34390260-6f92-4310-a846-1fc0b7dc1ca3,1239918,Málaga CF,Real Betis Balompié,Malaga,Betis,100.0,45.45454545454546,72.72727272727273,31.060606060606062,2015-11-07 22:05:00+00:00,odds_series.csv.gz,ambiguous_or_below_threshold
4b40b886-57ea-45c1-8e77-19a740305593,1251532,Borussia Dortmund,FC Schalke 04,Dortmund,Schalke,66.66666666666667,87.5,77.08333333333334,46.130952380952394,2015-11-08 15:30:00+00:00,odds_series.csv.gz,ambiguous_or_below_threshold
0f734877-b706-4b8e-9913-9f4726a3a324,1251755,Girondins de Bordeaux,AS Monaco,Bordeaux,Monaco,64.0,85.71428571428572,74.85714285714286,34.13250517598344,2015-11-08 21:00:00+00:00,odds_series.csv.gz,ambiguous_or_below_threshold
68e86f75-9338-4de6-b73b-060b7ffb9c30,1251648,Olympique de Marseille,OGC Nice,Marseille,Nice,66.66666666666667,72.72727272727273,69.6969696969697,22.317937438905183,2015-11-08 17:00:00+00:00,odds_series.csv.gz,ambiguous_or_below_threshold
d48c8dbb-063e-4904-a178-4e40cb9021b2,1334466,1. FC Köln,1. FSV Mainz 05,Koln,Mainz,88.88888888888889,62.5,75.69444444444444,38.42171717171718,2015-11-21 15:30:00+00:00,odds_series.csv.gz,ambiguous_or_below_threshold
6337cf71-765c-483a-bf06-ed4ceb0fac59,1334502,West Bromwich Albion,Arsenal,West Brom,Arsenal,61.53846153846154,100.0,80.76923076923077,38.65100416824555,2015-11-21 16:00:00+00:00,odds_series.csv.gz,ambiguous_or_below_threshold
7f351651-945c-462b-9298-6755a56827de,1334692,FC Lorient,Paris Saint-Germain,Lorient,Paris SG,100.0,58.33333333333333,79.16666666666666,31.637254901960773,2015-11-21 17:00:00+00:00,odds_series.csv.gz,ambiguous_or_below_threshold
3e5f3053-1289-4168-9422-2f6b78173109,1341360,Tottenham Hotspur,West Ham United,Tottenham,West Ham,72.0,70.0,71.0,30.615384615384613,2015-11-22 17:00:00+00:00,odds_series.csv.gz,ambiguous_or_below_threshold
54289382-374a-4aad-aa91-144915619bb6,1341449,AS Saint-Étienne,Olympique de Marseille,St Etienne,Marseille,78.26086956521739,66.66666666666667,72.46376811594203,35.86755009591978,2015-11-22 21:00:00+00:00,odds_series.csv.gz,ambiguous_or_below_threshold
08a9b11b-d1df-4688-8930-17830379da18,1340914,Real Sporting de Gijón,Levante UD,Gijon,Levante,45.45454545454546,87.5,66.47727272727273,25.988142292490124,2015-11-22 12:00:00+00:00,odds_series.csv.gz,ambiguous_or_below_threshold
1a1bfa19-078b-40a3-ae3c-615527131e99,1370078,Levante UD,Real Betis Balompié,Levante,Betis,87.5,45.45454545454546,66.47727272727273,30.335968379446648,2015-11-27 20:30:00+00:00,odds_series.csv.gz,ambiguous_or_below_threshold
9c6db996-4cc1-42f3-a4a2-3b221741e7ab,1376363,1. FSV Mainz 05,Eintracht Frankfurt,Mainz,Eintracht Frankfurt,62.5,100.0,81.25,49.46052631578948,2015-11-28 15:45:00+00:00,odds_series.csv.gz,ambiguous_or_below_threshold
b8f02cbf-1045-4eaa-a93a-0b768c8d84a8,1376685,Angers SCO,LOSC Lille,Angers,Lille,80.0,71.42857142857143,75.71428571428572,38.14814814814815,2015-11-28 20:00:00+00:00,odds_series.csv.gz,ambiguous_or_below_threshold
ee362734-9553-4a28-9bd3-e6fa55477598,1376572,Paris Saint-Germain,ES Troyes AC,Paris SG,Troyes,58.33333333333333,85.71428571428572,72.02380952380952,30.357142857142847,2015-11-28 17:00:00+00:00,odds_series.csv.gz,ambiguous_or_below_threshold
6142ae04-8818-440f-82c2-b1e1d46dc5cb,1376728,RC Celta de Vigo,Real Sporting de Gijón,Celta Vigo,Gijon,90.0,45.45454545454546,67.72727272727273,24.679653679653683,2015-11-28 22:05:00+00:00,odds_series.csv.gz,ambiguous_or_below_threshold
0477f93d-f890-4d1f-abcc-1e03fb9ca518,1382592,West Ham United,West Bromwich Albion,West Ham,West Brom,70.0,61.53846153846154,65.76923076923077,15.835106922063453,2015-11-29 15:05:00+00:00,odds_series.csv.gz,ambiguous_or_below_threshold
57d8185b-c1d9-44e1-8a0a-28183cce8911,1382361,AS Saint-Étienne,En Avant de Guingamp,St Etienne,Guingamp,78.26086956521739,69.56521739130434,73.91304347826087,36.00981767180926,2015-11-29 14:00:00+00:00,odds_series.csv.gz,ambiguous_or_below_threshold
8003d3b1-7e80-4fff-8a43-512257804a79,1382765,Olympique de Marseille,AS Monaco,Marseille,Monaco,66.66666666666667,85.71428571428572,76.1904761904762,43.54341736694679,2015-11-29 21:00:00+00:00,odds_series.csv.gz,ambiguous_or_below_threshold
88a4e628-7cf7-4fe4-808a-21229f6444ea,1382683,Girondins de Bordeaux,SM Caen,Bordeaux,Caen,64.0,80.0,72.0,34.142857142857146,2015-11-29 17:00:00+00:00,odds_series.csv.gz,ambiguous_or_below_threshold
42fee885-9658-461d-ba29-3aec8be76a9b,1395547,Angers SCO,Paris Saint-Germain,Angers,Paris SG,80.0,58.33333333333333,69.16666666666666,34.444444444444436,2015-12-01 19:00:00+00:00,odds_series.csv.gz,ambiguous_or_below_threshold
08128529-bb06-4849-a7fb-26b28d9eb4f9,1400999,SC Bastia,Girondins de Bordeaux,Bastia,Bordeaux,85.71428571428572,64.0,74.85714285714286,36.454685099846394,2015-12-02 19:00:00+00:00,odds_series.csv.gz,ambiguous_or_below_threshold
5e4e30c4-6693-4dee-a624-e8d8a68eace8,1401000,En Avant de Guingamp,Stade de Reims,Guingamp,Reims,69.56521739130434,66.66666666666667,68.1159420289855,30.992196209587505,2015-12-02 19:00:00+00:00,odds_series.csv.gz,ambiguous_or_below_threshold
e46dd19a-9064-4aa7-8ceb-6edc8788df23,1410465,OGC Nice,Paris Saint-Germain,Nice,Paris SG,72.72727272727273,58.33333333333333,65.53030303030303,39.706127206127206,2015-12-04 20:30:00+00:00,odds_series.csv.gz,ambiguous_or_below_threshold
a3e114e6-4301-45f5-8160-179a182a938c,1415211,Hamburger SV,1. FSV Mainz 05,Hamburger SV,Mainz,100.0,62.5,81.25,42.361111111111114,2015-12-05 15:30:00+00:00,odds_series.csv.gz,ambiguous_or_below_threshold
ae1ef6f8-9243-4500-ba30-743aef013e81,1415476,VfL Wolfsburg,Borussia Dortmund,Wolfsburg,Dortmund,85.71428571428572,66.66666666666667,76.1904761904762,42.66666666666668,2015-12-05 18:30:00+00:00,odds_series.csv.gz,ambiguous_or_below_threshold
43dc7341-d968-407a-88af-72be70c5a6ec,1415249,West Bromwich Albion,Tottenham Hotspur,West Brom,Tottenham,61.53846153846154,72.0,66.76923076923077,26.769230769230774,2015-12-05 16:00:00+00:00,odds_series.csv.gz,ambiguous_or_below_threshold
21e0855b-5e57-4663-b135-8b3dcee6d115,1415515,Stade de Reims,ES Troyes AC,Reims,Troyes,66.66666666666667,85.71428571428572,76.1904761904762,22.619047619047635,2015-12-05 20:00:00+00:00,odds_series.csv.gz,ambiguous_or_below_threshold
71be67c5-d3eb-4726-875b-acf2b062c212,1415513,SM Caen,LOSC Lille,Caen,Lille,80.0,71.42857142857143,75.71428571428572,37.61904761904762,2015-12-05 20:00:00+00:00,odds_series.csv.gz,ambiguous_or_below_threshold
5b4c3639-fdc3-4447-9168-324d8d159c62,1415545,Real Betis Balompié,RC Celta de Vigo,Betis,Celta Vigo,45.45454545454546,90.0,67.72727272727273,22.727272727272734,2015-12-05 22:05:00+00:00,odds_series.csv.gz,ambiguous_or_below_threshold
24545896-cc9b-4b2c-a4a7-d996ed8795aa,1423096,Girondins de Bordeaux,En Avant de Guingamp,Bordeaux,Guingamp,64.0,69.56521739130434,66.78260869565217,26.123268036311515,2015-12-06 17:00:00+00:00,odds_series.csv.gz,ambiguous_or_below_threshold
42ed9777-ac85-4e4d-9765-1108703ed554,1423188,AS Saint-Étienne,Stade Rennais FC,St Etienne,Rennes,78.26086956521739,55.55555555555556,66.90821256038647,22.30273752012883,2015-12-06 21:00:00+00:00,odds_series.csv.gz,ambiguous_or_below_threshold
eff109cf-23ac-4311-90a5-b922e40ae91e,1422758,Olympique de Marseille,Montpellier Hérault SC,Marseille,Montpellier,66.66666666666667,70.96774193548387,68.81720430107526,26.17014547754586,2015-12-06 14:00:00+00:00,odds_series.csv.gz,ambiguous_or_below_threshold
f26f8c77-f6fb-4f83-a4b2-b518ca064c3a,1423154,Real Sporting de Gijón,UD Las Palmas,Gijon,Las Palmas,45.45454545454546,90.0,67.72727272727273,24.07647907647908,2015-12-06 18:15:00+00:00,odds_series.csv.gz,ambiguous_or_below_threshold
0853c743-5852-4550-930e-1989874ce817,1453810,1. FSV Mainz 05,VfB Stuttgart,Mainz,VfB Stuttgart,62.5,100.0,81.25,51.964285714285715,2015-12-11 20:30:00+00:00,odds_series.csv.gz,ambiguous_or_below_threshold
94f94c0e-05dc-4f02-8bd3-32dbf998809a,1453809,Stade Rennais FC,SM Caen,Rennes,Caen,55.55555555555556,80.0,67.77777777777777,22.34920634920634,2015-12-11 20:30:00+00:00,odds_series.csv.gz,ambiguous_or_below_threshold
18e1df54-7033-4434-ba41-30abfeef4841,1459959,Stade de Reims,OGC Nice,Reims,Nice,66.66666666666667,72.72727272727273,69.6969696969697,24.631180223285483,2015-12-12 16:00:00+00:00,odds_series.csv.gz,ambiguous_or_below_threshold
a0b65c37-db58-4841-bf78-9bf1d8802085,1460122,Montpellier Hérault SC,En Avant de Guingamp,Montpellier,Guingamp,70.96774193548387,69.56521739130434,70.26647966339411,31.072340469254918,2015-12-12 20:00:00+00:00,odds_series.csv.gz,ambiguous_or_below_threshold
5e38019b-c9b2-40e0-95bb-c2b2a6105e5a,1460145,UD Las Palmas,Real Betis Balompié,Las Palmas,Betis,90.0,45.45454545454546,67.72727272727273,28.113746157224426,2015-12-12 22:05:00+00:00,odds_series.csv.gz,ambiguous_or_below_threshold
be43c1ba-f5ef-477d-9e6c-cbdb344556c5,1460130,Sevilla FC,Real Sporting de Gijón,Sevilla,Gijon,100.0,45.45454545454546,72.72727272727273,33.113746157224426,2015-12-12 20:30:00+00:00,odds_series.csv.gz,ambiguous_or_below_threshold
69004f92-bf54-47ff-8732-1ae994f11500,1466030,Liverpool,West Bromwich Albion,Liverpool,West Brom,100.0,61.53846153846154,80.76923076923077,36.86118479221928,2015-12-13 17:00:00+00:00,odds_series.csv.gz,ambiguous_or_below_threshold
2c6109bc-3ab6-496f-a53b-bef05666a803,1466032,Angers SCO,Girondins de Bordeaux,Angers,Bordeaux,80.0,64.0,72.0,25.68421052631578,2015-12-13 17:00:00+00:00,odds_series.csv.gz,ambiguous_or_below_threshold
d4b9a9cd-a89d-48e5-9a6e-e50d81e358eb,1496188,OGC Nice,Montpellier Hérault SC,Nice,Montpellier,72.72727272727273,70.96774193548387,71.8475073313783,38.51417399804496,2015-12-18 20:30:00+00:00,odds_series.csv.gz,ambiguous_or_below_threshold
28cdc172-edd7-46e2-bf3f-682aeac896f6,1502381,1. FC Köln,Borussia Dortmund,Koln,Dortmund,88.88888888888889,66.66666666666667,77.77777777777777,41.1111111111111,2015-12-19 15:30:00+00:00,odds_series.csv.gz,ambiguous_or_below_threshold
e903bd46-daed-4ccb-8265-f14a7591a4d1,1502409,West Bromwich Albion,Bournemouth,West Brom,Bournemouth,61.53846153846154,100.0,80.76923076923077,30.194518125552605,2015-12-19 16:00:00+00:00,odds_series.csv.gz,ambiguous_or_below_threshold
ddffddd7-e1fd-4d95-b763-882e22af39b7,1502677,SC Bastia,Stade de Reims,Bastia,Reims,85.71428571428572,66.66666666666667,76.1904761904762,26.190476190476204,2015-12-19 20:00:00+00:00,odds_series.csv.gz,ambiguous_or_below_threshold
eda1b702-337f-466c-8e4b-0b2999c66fab,1502575,SM Caen,Paris Saint-Germain,Caen,Paris SG,80.0,58.33333333333333,69.16666666666666,32.46632996632995,2015-12-19 17:00:00+00:00,odds_series.csv.gz,ambiguous_or_below_threshold
6fccd551-b92a-40af-9327-171cc48447f5,1502687,Real Betis Balompié,Sevilla FC,Betis,Sevilla,45.45454545454546,100.0,72.72727272727273,14.06060606060607,2015-12-19 20:30:00+00:00,odds_series.csv.gz,ambiguous_or_below_threshold
ee6b6492-0b73-48d3-8a2e-686cd42633ea,1509843,Hertha BSC Berlin,1. FSV Mainz 05,Hertha Berlin,Mainz,88.88888888888889,62.5,75.69444444444444,34.64181286549707,2015-12-20 15:30:00+00:00,odds_series.csv.gz,ambiguous_or_below_threshold
81e19197-fdeb-4ebf-b6cf-4b6cbb5c44f7,1509920,Swansea City,West Ham United,Swansea,West Ham,77.77777777777779,70.0,73.88888888888889,32.11399711399711,2015-12-20 17:00:00+00:00,odds_series.csv.gz,ambiguous_or_below_threshold
6e667ae1-4d76-4955-a20a-c2bc167dee76,1509987,Girondins de Bordeaux,Olympique de Marseille,Bordeaux,Marseille,64.0,66.66666666666667,65.33333333333334,18.260454002389494,2015-12-20 21:00:00+00:00,odds_series.csv.gz,ambiguous_or_below_threshold
739f562b-6f63-4f63-96ce-1c64dcc49acc,1509921,GFC Ajaccio,Olympique Lyonnais,GFC Ajaccio,Lyon,100.0,38.095238095238095,69.04761904761905,33.543417366946784,2015-12-20 17:00:00+00:00,odds_series.csv.gz,ambiguous_or_below_threshold
3f470577-e8cc-4c67-9fa6-0d51a3c845c4,1543450,Swansea City,West Bromwich Albion,Swansea,West Brom,77.77777777777779,61.53846153846154,69.65811965811966,34.47293447293447,2015-12-26 16:00:00+00:00,odds_series.csv.gz,ambiguous_or_below_threshold
4f2bf049-adae-42ac-88d6-3d7480a73a3b,1543451,Tottenham Hotspur,Norwich City,Tottenham,Norwich,72.0,77.77777777777779,74.88888888888889,41.09578544061303,2015-12-26 16:00:00+00:00,odds_series.csv.gz,ambiguous_or_below_threshold
fce1228e-40f1-40dd-a83c-752d4aeae492,1552884,West Bromwich Albion,Newcastle United,West Brom,Newcastle Utd,61.53846153846154,88.88888888888889,75.21367521367522,37.340317985479274,2015-12-28 16:00:00+00:00,odds_series.csv.gz,ambiguous_or_below_threshold
7cffeac7-1ef8-4a1e-b4af-961e32624ea0,1562281,FC Barcelona,Real Betis Balompié,Barcelona,Betis,100.0,45.45454545454546,72.72727272727273,100.0,2015-12-30 20:30:00+00:00,odds_series.csv.gz,ambiguous_or_below_threshold
90a936c0-b83d-4b10-a8e0-b0428042818d,1581466,West Bromwich Albion,Stoke City,West Brom,Stoke City,61.53846153846154,100.0,80.76923076923077,45.07957559681697,2016-01-02 16:00:00+00:00,odds_series.csv.gz,ambiguous_or_below_threshold
fdb0cfe1-2d47-40eb-9739-8b57d8486073,1596373,Real Sporting de Gijón,Getafe CF,Gijon,Getafe,45.45454545454546,100.0,72.72727272727273,40.56353003721426,2016-01-04 20:30:00+00:00,odds_series.csv.gz,ambiguous_or_below_threshold
39907ba1-8ec0-4c17-a011-091d1ac71a7c,1607188,Chievo Verona,Roma,Chievo,AS Roma,66.66666666666667,80.0,73.33333333333334,61.895424836601315,2016-01-06 15:00:00+00:00,odds_series.csv.gz,ambiguous_or_below_threshold
cfcd82d1-8a13-4d16-890c-aef918cab2b4,1623343,Paris Saint-Germain,SC Bastia,Paris SG,Bastia,58.33333333333333,85.71428571428572,72.02380952380952,39.85597735597735,2016-01-08 20:30:00+00:00,odds_series.csv.gz,ambiguous_or_below_threshold
3e52dbba-4c3c-42f6-8ea3-eda291a35353,1631986,Montpellier Hérault SC,Girondins de Bordeaux,Montpellier,Bordeaux,70.96774193548387,64.0,67.48387096774194,33.101586585457554,2016-01-09 20:00:00+00:00,odds_series.csv.gz,ambiguous_or_below_threshold
f8db641e-bacc-4543-b58f-41bd5f74f3b6,1631988,Stade Rennais FC,FC Lorient,Rennes,Lorient,55.55555555555556,100.0,77.77777777777777,35.55555555555555,2016-01-09 20:00:00+00:00,odds_series.csv.gz,ambiguous_or_below_threshold
058b312c-fe81-4dcc-b265-69fdca2ecd57,1631958,Getafe CF,Real Betis Balompié,Getafe,Betis,100.0,45.45454545454546,72.72727272727273,31.655844155844164,2016-01-09 18:15:00+00:00,odds_series.csv.gz,ambiguous_or_below_threshold
969fcabe-00c8-4202-b998-af1f94d77d87,1640304,LOSC Lille,OGC Nice,Lille,Nice,71.42857142857143,72.72727272727273,72.07792207792208,33.16389492860082,2016-01-10 17:00:00+00:00,odds_series.csv.gz,ambiguous_or_below_threshold
b0f02655-0107-4fd5-9ffd-53c0adb8e6d8,1640364,Olympique de Marseille,En Avant de Guingamp,Marseille,Guingamp,66.66666666666667,69.56521739130434,68.1159420289855,27.282608695652172,2016-01-10 21:00:00+00:00,odds_series.csv.gz,ambiguous_or_below_threshold
884b7912-77ee-46ae-a955-e85377cf99c0,1640018,Villarreal CF,Real Sporting de Gijón,Villarreal,Gijon,100.0,45.45454545454546,72.72727272727273,10.822510822510836,2016-01-10 12:00:00+00:00,odds_series.csv.gz,ambiguous_or_below_threshold
883dd323-3c3e-4eea-ac2b-ac42583afd69,1662514,Chelsea,West Bromwich Albion,Chelsea,West Brom,100.0,61.53846153846154,80.76923076923077,41.88034188034189,2016-01-13 20:45:00+00:00,odds_series.csv.gz,ambiguous_or_below_threshold
efe953d8-74ce-44e6-8501-3cfe59c4df46,1662521,Tottenham Hotspur,Leicester City,Tottenham,Leicester,72.0,81.81818181818181,76.9090909090909,43.57575757575757,2016-01-13 21:00:00+00:00,odds_series.csv.gz,ambiguous_or_below_threshold
21753744-d394-4b10-8f12-82ed244e520a,1674792,OGC Nice,Angers SCO,Nice,Angers,72.72727272727273,80.0,76.36363636363637,38.863636363636374,2016-01-15 20:30:00+00:00,odds_series.csv.gz,ambiguous_or_below_threshold
7a480cba-70c5-4388-a376-aeb61390af36,1681780,Southampton,West Bromwich Albion,Southampton,West Brom,100.0,61.53846153846154,80.76923076923077,36.126373626373635,2016-01-16 16:00:00+00:00,odds_series.csv.gz,ambiguous_or_below_threshold
260b6bae-4e51-43e3-b1d4-15ebef864c1e,1682009,Girondins de Bordeaux,LOSC Lille,Bordeaux,Lille,64.0,71.42857142857143,67.71428571428572,29.85714285714287,2016-01-16 20:00:00+00:00,odds_series.csv.gz,ambiguous_or_below_threshold
3c11fe29-a0ca-402a-ac7a-003bbcaf6456,1682012,ES Troyes AC,Stade Rennais FC,Troyes,Rennes,85.71428571428572,55.55555555555556,70.63492063492063,43.30572808833678,2016-01-16 20:00:00+00:00,odds_series.csv.gz,ambiguous_or_below_threshold
b3bc61fc-ccb6-4bb5-a30c-6f995ba86785,1681930,Toulouse FC,Paris Saint-Germain,Toulouse,Paris SG,100.0,58.33333333333333,79.16666666666666,33.93340094658552,2016-01-16 17:00:00+00:00,odds_series.csv.gz,ambiguous_or_below_threshold
0b47ea4f-4c8d-42e4-9ddb-b3955629511f,1682018,Villarreal CF,Real Betis Balompié,Villarreal,Betis,100.0,45.45454545454546,72.72727272727273,29.977272727272734,2016-01-16 20:30:00+00:00,odds_series.csv.gz,ambiguous_or_below_threshold
048e3360-d57b-444e-b789-5d9bebcd3eb8,1689763,Roma,Hellas Verona,AS Roma,Verona,80.0,66.66666666666667,73.33333333333334,24.80392156862746,2016-01-17 15:00:00+00:00,odds_series.csv.gz,ambiguous_or_below_threshold
64a8f425-1f33-44cb-9434-1a9fb9a95768,1689839,Real Madrid CF,Real Sporting de Gijón,Real Madrid,Gijon,100.0,45.45454545454546,72.72727272727273,38.352272727272734,2016-01-17 16:00:00+00:00,odds_series.csv.gz,ambiguous_or_below_threshold
16fca43e-6935-4fb0-8c23-ef7a20749a9b,1720293,Stade Rennais FC,GFC Ajaccio,Rennes,GFC Ajaccio,55.55555555555556,100.0,77.77777777777777,38.19444444444444,2016-01-22 20:30:00+00:00,odds_series.csv.gz,ambiguous_or_below_threshold
d0820463-61b7-4ca1-93c7-5f550323b283,1727025,FC Ingolstadt 04,1. FSV Mainz 05,Ingolstadt,Mainz,90.9090909090909,62.5,76.70454545454545,40.70454545454545,2016-01-23 15:30:00+00:00,odds_series.csv.gz,ambiguous_or_below_threshold
fa601a9b-79c8-4e4e-94dd-4ad7a74c459a,1727311,Borussia Mönchengladbach,Borussia Dortmund,B. Monchengladbach,Dortmund,82.05128205128204,66.66666666666667,74.35897435897436,38.228438228438236,2016-01-23 18:30:00+00:00,odds_series.csv.gz,ambiguous_or_below_threshold
e43b1071-2e9b-4ba0-bed4-52ca30c1ee19,1727047,West Bromwich Albion,Aston Villa,West Brom,Aston Villa,61.53846153846154,100.0,80.76923076923077,40.02849002849003,2016-01-23 16:00:00+00:00,odds_series.csv.gz,ambiguous_or_below_threshold
061f1a9e-ba55-4220-9530-df6a5ac5841b,1727345,FC Nantes,Girondins de Bordeaux,Nantes,Bordeaux,100.0,64.0,82.0,43.53846153846154,2016-01-23 20:00:00+00:00,odds_series.csv.gz,ambiguous_or_below_threshold
2435146f-2b64-45aa-a5e2-e3344f3a7b33,1727244,Paris Saint-Germain,Angers SCO,Paris SG,Angers,58.33333333333333,80.0,69.16666666666666,34.35185185185185,2016-01-23 17:00:00+00:00,odds_series.csv.gz,ambiguous_or_below_threshold
3912f73e-3682-47e8-99f5-ef00ccf07ee2,1727342,En Avant de Guingamp,SC Bastia,Guingamp,Bastia,69.56521739130434,85.71428571428572,77.63975155279503,30.780668360944446,2016-01-23 20:00:00+00:00,odds_series.csv.gz,ambiguous_or_below_threshold
63bf12e9-8a50-483e-9ebd-b4c6e4c00c4c,1735248,Real Betis Balompié,Real Madrid CF,Betis,Real Madrid,45.45454545454546,100.0,72.72727272727273,32.937799043062206,2016-01-24 20:30:00+00:00,odds_series.csv.gz,ambiguous_or_below_threshold
1de2aeae-f11e-446c-810c-fa8e83e9f196,1769238,1. FSV Mainz 05,Borussia Mönchengladbach,Mainz,B. Monchengladbach,62.5,82.05128205128204,72.27564102564102,33.386752136752136,2016-01-29 20:30:00+00:00,odds_series.csv.gz,ambiguous_or_below_threshold
cd498414-c142-4380-af10-405d8ca9f208,1769236,Olympique de Marseille,LOSC Lille,Marseille,Lille,66.66666666666667,71.42857142857143,69.04761904761905,36.011904761904766,2016-01-29 20:30:00+00:00,odds_series.csv.gz,ambiguous_or_below_threshold
56e49098-f210-4e28-8810-0afc8d213ca5,1781997,Real Sociedad,Real Betis Balompié,Real Sociedad,Betis,100.0,45.45454545454546,72.72727272727273,29.686979686979697,2016-01-30 22:05:00+00:00,odds_series.csv.gz,ambiguous_or_below_threshold
495b2e05-e0cd-4e26-85e6-1796d835b19f,1794075,Norwich City,Tottenham Hotspur,Norwich,Tottenham,77.77777777777779,72.0,74.88888888888889,100.0,2016-02-02 20:45:00+00:00,odds_series.csv.gz,ambiguous_or_below_threshold
d29d9efc-19e3-49a6-bf91-d5b2962cd040,1794706,West Bromwich Albion,Swansea City,West Brom,Swansea,61.53846153846154,77.77777777777779,69.65811965811966,36.61464139725009,2016-02-02 21:00:00+00:00,odds_series.csv.gz,ambiguous_or_below_threshold
1086217e-42de-4fa8-8058-b200f3d7a192,1794707,Montpellier Hérault SC,Olympique de Marseille,Montpellier,Marseille,70.96774193548387,66.66666666666667,68.81720430107526,34.43491991879088,2016-02-02 21:00:00+00:00,odds_series.csv.gz,ambiguous_or_below_threshold
0c5e25bb-c5cd-45a7-8121-3fc66d2a6070,1799507,Paris Saint-Germain,FC Lorient,Paris SG,Lorient,58.33333333333333,100.0,79.16666666666666,43.66246498599439,2016-02-03 21:00:00+00:00,odds_series.csv.gz,ambiguous_or_below_threshold
4bc1f8e8-21bf-49ff-a490-b45c0992443f,1799480,LOSC Lille,SM Caen,Lille,Caen,71.42857142857143,80.0,75.71428571428572,30.415140415140428,2016-02-03 19:00:00+00:00,odds_series.csv.gz,ambiguous_or_below_threshold
64104cdd-1056-4335-8bf1-0826ab84878b,1799479,En Avant de Guingamp,ES Troyes AC,Guingamp,Troyes,69.56521739130434,85.71428571428572,77.63975155279503,45.24844720496895,2016-02-03 19:00:00+00:00,odds_series.csv.gz,ambiguous_or_below_threshold
d0fea5de-4327-4d6d-8c0f-7decde0994ff,1799484,Stade de Reims,Angers SCO,Reims,Angers,66.66666666666667,80.0,73.33333333333334,35.23809523809524,2016-02-03 19:00:00+00:00,odds_series.csv.gz,ambiguous_or_below_threshold
800dd25a-60c1-4f34-b4a6-a04c9209de89,1816845,Hertha BSC Berlin,Borussia Dortmund,Hertha Berlin,Dortmund,88.88888888888889,66.66666666666667,77.77777777777777,38.164251207729464,2016-02-06 15:30:00+00:00,odds_series.csv.gz,ambiguous_or_below_threshold
93f26690-e33b-4615-8e03-4fa4f1ecc1fa,1816844,Hannover 96,1. FSV Mainz 05,Hannover,Mainz,88.88888888888889,62.5,75.69444444444444,39.330808080808076,2016-02-06 15:30:00+00:00,odds_series.csv.gz,ambiguous_or_below_threshold
c224e5ef-83f5-43ec-9c10-bf458855fef3,1816862,Newcastle United,West Bromwich Albion,Newcastle Utd,West Brom,88.88888888888889,61.53846153846154,75.21367521367522,35.47640099364237,2016-02-06 16:00:00+00:00,odds_series.csv.gz,ambiguous_or_below_threshold
ebc71f6e-74e4-4027-a3c3-cf3ce684f78e,1824841,TSG 1899 Hoffenheim,SV Darmstadt 98,Hoffenheim,Darmstadt,74.07407407407408,81.81818181818181,77.94612794612794,43.66041366041366,2016-02-07 17:30:00+00:00,odds_series.csv.gz,ambiguous_or_below_threshold
8ca3f751-526f-4a68-9b0a-0a1c27adab13,1824796,Real Betis Balompié,Valencia CF,Betis,Valencia,45.45454545454546,100.0,72.72727272727273,20.76648841354725,2016-02-07 16:00:00+00:00,odds_series.csv.gz,ambiguous_or_below_threshold
98bdd8d3-87c4-4910-a04c-3a7c35583e66,1859118,1. FSV Mainz 05,FC Schalke 04,Mainz,Schalke,62.5,87.5,75.0,48.23529411764706,2016-02-12 20:30:00+00:00,odds_series.csv.gz,ambiguous_or_below_threshold
8384e849-0696-4fa1-a15d-60112351d590,1859116,Stade Rennais FC,Angers SCO,Rennes,Angers,55.55555555555556,80.0,67.77777777777777,27.77777777777777,2016-02-12 20:30:00+00:00,odds_series.csv.gz,ambiguous_or_below_threshold
824eacfe-0cf1-41e8-b0e9-ed95fb28cb61,1866471,Borussia Dortmund,Hannover 96,Dortmund,Hannover,66.66666666666667,88.88888888888889,77.77777777777777,40.27777777777777,2016-02-13 15:30:00+00:00,odds_series.csv.gz,ambiguous_or_below_threshold
5671b6e0-2739-4feb-9b1d-ef9bb43796c3,1866499,Everton,West Bromwich Albion,Everton,West Brom,100.0,61.53846153846154,80.76923076923077,31.60956690368456,2016-02-13 16:00:00+00:00,odds_series.csv.gz,ambiguous_or_below_threshold
6db82bb2-3808-4119-80a3-c956e4746e0c,1866805,En Avant de Guingamp,Girondins de Bordeaux,Guingamp,Bordeaux,69.56521739130434,64.0,66.78260869565217,35.051839464882946,2016-02-13 20:00:00+00:00,odds_series.csv.gz,ambiguous_or_below_threshold
ff9e956f-c0cf-4031-b2a1-3693f2fb972e,1866808,Stade de Reims,SC Bastia,Reims,Bastia,66.66666666666667,85.71428571428572,76.1904761904762,32.440476190476204,2016-02-13 20:00:00+00:00,odds_series.csv.gz,ambiguous_or_below_threshold
919487ad-73a4-4f2e-adba-2443d1d5bc76,1874898,OGC Nice,Olympique de Marseille,Nice,Marseille,72.72727272727273,66.66666666666667,69.6969696969697,26.178451178451184,2016-02-14 21:00:00+00:00,odds_series.csv.gz,ambiguous_or_below_threshold
74dcea11-87e7-4485-8361-b0395d5af293,2071416,Real Sporting de Gijón,FC Barcelona,Gijon,Barcelona,45.45454545454546,100.0,72.72727272727273,35.56149732620322,2016-02-17 18:30:00+00:00,odds_series.csv.gz,ambiguous_or_below_threshold
00963dc0-ea4b-4552-84e2-4e36589dc51a,2083735,Girondins de Bordeaux,OGC Nice,Bordeaux,Nice,64.0,72.72727272727273,68.36363636363637,29.570532915360516,2016-02-19 20:30:00+00:00,odds_series.csv.gz,ambiguous_or_below_threshold
ff0acf0a-76ce-4729-b4fb-e8b6d8091013,2090708,TSG 1899 Hoffenheim,1. FSV Mainz 05,Hoffenheim,Mainz,74.07407407407408,62.5,68.28703703703704,41.47222222222223,2016-02-20 15:30:00+00:00,odds_series.csv.gz,ambiguous_or_below_threshold
c43d51e8-7bd8-4951-9147-83c2f232fce4,2091056,Angers SCO,Montpellier Hérault SC,Angers,Montpellier,80.0,70.96774193548387,75.48387096774194,36.09768170942992,2016-02-20 20:00:00+00:00,odds_series.csv.gz,ambiguous_or_below_threshold
20205ac4-1fd3-4005-ae42-3a2806e424e3,2090984,Hellas Verona,Chievo Verona,Verona,Chievo,66.66666666666667,66.66666666666667,66.66666666666667,28.18627450980393,2016-02-20 18:00:00+00:00,odds_series.csv.gz,ambiguous_or_below_threshold
21ba7fca-4bbb-4130-aee2-cd99883496a5,2100003,SM Caen,Stade Rennais FC,Caen,Rennes,80.0,55.55555555555556,67.77777777777777,11.71717171717171,2016-02-21 17:00:00+00:00,odds_series.csv.gz,ambiguous_or_below_threshold
33b97ae3-cf82-4096-9b58-7e123c4a309e,2139888,West Bromwich Albion,Crystal Palace,West Brom,Crystal Palace,61.53846153846154,100.0,80.76923076923077,45.72161172161173,2016-02-27 18:30:00+00:00,odds_series.csv.gz,ambiguous_or_below_threshold
17da74b8-a173-4b6a-b4e7-120734e8d21e,2139933,Stade de Reims,Girondins de Bordeaux,Reims,Bordeaux,66.66666666666667,64.0,65.33333333333334,23.594202898550733,2016-02-27 20:00:00+00:00,odds_series.csv.gz,ambiguous_or_below_threshold
297c8ca0-5e46-46de-b3e5-9ee88314f204,2139934,Toulouse FC,Stade Rennais FC,Toulouse,Rennes,100.0,55.55555555555556,77.77777777777777,35.130718954248366,2016-02-27 20:00:00+00:00,odds_series.csv.gz,ambiguous_or_below_threshold
82e209cb-dbd3-452e-8bcb-2a58536547b8,2139932,En Avant de Guingamp,Angers SCO,Guingamp,Angers,69.56521739130434,80.0,74.78260869565217,32.33778696390344,2016-02-27 20:00:00+00:00,odds_series.csv.gz,ambiguous_or_below_threshold
c933f8a4-ffe2-4b86-b616-5d45124f3a93,2139820,Montpellier Hérault SC,LOSC Lille,Montpellier,Lille,70.96774193548387,71.42857142857143,71.19815668202764,36.383341867212835,2016-02-27 17:00:00+00:00,odds_series.csv.gz,ambiguous_or_below_threshold
44817413-9d7f-417d-a5b5-2352eba2d874,2139944,Real Betis Balompié,Rayo Vallecano,Betis,Rayo Vallecano,45.45454545454546,100.0,72.72727272727273,34.715576820839985,2016-02-27 20:30:00+00:00,odds_series.csv.gz,ambiguous_or_below_threshold
07b03d32-8050-40b9-b357-dd504f1b1259,2148104,1. FSV Mainz 05,Bayer 04 Leverkusen,Mainz,Bayer Leverkusen,62.5,93.75,78.125,47.14460784313725,2016-02-28 17:30:00+00:00,odds_series.csv.gz,ambiguous_or_below_threshold
d7cfd200-fa25-46c4-963a-863f7d815109,2148103,Borussia Dortmund,TSG 1899 Hoffenheim,Dortmund,Hoffenheim,66.66666666666667,74.07407407407408,70.37037037037038,37.36171236171238,2016-02-28 17:30:00+00:00,odds_series.csv.gz,ambiguous_or_below_threshold
480ddfb6-9451-4bf5-b6e7-55fe916914fa,2147962,Tottenham Hotspur,Swansea City,Tottenham,Swansea,72.0,77.77777777777779,74.88888888888889,28.149758454106276,2016-02-28 15:05:00+00:00,odds_series.csv.gz,ambiguous_or_below_threshold
7ee24793-f7e2-4646-baa2-8b9100a600fa,2159615,Leicester City,West Bromwich Albion,Leicester,West Brom,81.81818181818181,61.53846153846154,71.67832167832168,34.40980315980316,2016-03-01 20:45:00+00:00,odds_series_b.csv.gz,ambiguous_or_below_threshold
0fd05f06-f4c7-4e2e-86ac-3421715fab8f,2214571,FC Bayern Munich,1. FSV Mainz 05,Bayern Munich,Mainz,100.0,62.5,81.25,47.916666666666664,2016-03-02 20:00:00+00:00,odds_series_b.csv.gz,ambiguous_or_below_threshold
50c19b1c-ff9a-49c1-8d20-7f78eb5d6fe3,2214573,SV Darmstadt 98,Borussia Dortmund,Darmstadt,Dortmund,81.81818181818181,66.66666666666667,74.24242424242425,40.606060606060616,2016-03-02 20:00:00+00:00,odds_series_b.csv.gz,ambiguous_or_below_threshold
6bab878b-0789-47d8-9f38-8bbc39725015,2214593,West Ham United,Tottenham Hotspur,West Ham,Tottenham,70.0,72.0,71.0,26.92203898050974,2016-03-02 20:45:00+00:00,odds_series_b.csv.gz,ambiguous_or_below_threshold
68f0ad5a-56ae-4af7-a54f-c402250111b8,2214580,Athletic Club de Bilbao,RC Deportivo de La Coruña,Ath Bilbao,Dep. La Coruna,78.26086956521739,73.33333333333334,75.79710144927537,34.13043478260872,2016-03-02 20:00:00+00:00,odds_series_b.csv.gz,ambiguous_or_below_threshold
bae3b978-37bf-474d-92d8-56307500a1df,2367401,Granada CF,Real Sporting de Gijón,Granada CF,Gijon,100.0,45.45454545454546,72.72727272727273,37.65034965034965,2016-03-03 20:00:00+00:00,odds_series_b.csv.gz,ambiguous_or_below_threshold
bad16f9b-ced2-4f78-bc75-46e899071a50,2676371,Swansea City,Norwich City,Swansea,Norwich,77.77777777777779,77.77777777777779,77.77777777777779,31.725146198830416,2016-03-05 16:00:00+00:00,odds_series_b.csv.gz,ambiguous_or_below_threshold
4aec9581-28f8-472d-86ad-334fa7454cd9,2676821,Girondins de Bordeaux,GFC Ajaccio,Bordeaux,GFC Ajaccio,64.0,100.0,82.0,43.18012422360248,2016-03-05 20:00:00+00:00,odds_series_b.csv.gz,ambiguous_or_below_threshold
76d5cd0c-002c-44c3-b96a-6ce700f886b7,2676822,LOSC Lille,Stade de Reims,Lille,Reims,71.42857142857143,66.66666666666667,69.04761904761905,22.73182957393483,2016-03-05 20:00:00+00:00,odds_series_b.csv.gz,ambiguous_or_below_threshold
e3d51515-74de-4327-80e3-251158b4dcbc,2836740,1. FSV Mainz 05,SV Darmstadt 98,Mainz,Darmstadt,62.5,81.81818181818181,72.1590909090909,32.92464114832536,2016-03-06 15:30:00+00:00,odds_series_b.csv.gz,ambiguous_or_below_threshold
1b702787-81db-400c-80e2-cde14daa6c5d,2836866,West Bromwich Albion,Manchester United,West Brom,Manchester United,61.53846153846154,100.0,80.76923076923077,36.63129973474801,2016-03-06 17:00:00+00:00,odds_series_b.csv.gz,ambiguous_or_below_threshold
eefa12d9-9aa2-49fd-ab1d-e9e8aab6aefa,2836867,Stade Rennais FC,FC Nantes,Rennes,Nantes,55.55555555555556,100.0,77.77777777777777,29.999999999999993,2016-03-06 17:00:00+00:00,odds_series_b.csv.gz,ambiguous_or_below_threshold
294483ba-4825-4efe-af9a-f03fa23618b2,2836284,Real Betis Balompié,Granada CF,Betis,Granada CF,45.45454545454546,100.0,72.72727272727273,28.669301712779983,2016-03-06 12:00:00+00:00,odds_series_b.csv.gz,ambiguous_or_below_threshold
fd31a4ee-335e-4eec-8ba9-2daa87d260de,3625586,AS Monaco,Stade de Reims,Monaco,Reims,85.71428571428572,66.66666666666667,76.1904761904762,42.55411255411257,2016-03-11 20:30:00+00:00,odds_series_b.csv.gz,ambiguous_or_below_threshold
5dcd7b37-a831-4a2b-b262-f0cab480820c,3625593,Málaga CF,Real Sporting de Gijón,Malaga,Gijon,100.0,45.45454545454546,72.72727272727273,31.060606060606062,2016-03-11 20:30:00+00:00,odds_series_b.csv.gz,ambiguous_or_below_threshold
4d585156-29f0-46c0-8634-5de6ced55ff3,3783656,Montpellier Hérault SC,OGC Nice,Montpellier,Nice,70.96774193548387,72.72727272727273,71.8475073313783,32.23711772098868,2016-03-12 20:00:00+00:00,odds_series_b.csv.gz,ambiguous_or_below_threshold
c88af12e-f34a-4c3c-8721-20d735e294b2,3783657,Toulouse FC,Girondins de Bordeaux,Toulouse,Bordeaux,100.0,64.0,82.0,48.19047619047619,2016-03-12 20:00:00+00:00,odds_series_b.csv.gz,ambiguous_or_below_threshold
dfa57238-da46-42eb-840a-f3dcf7d04bbd,3783655,En Avant de Guingamp,AS Saint-Étienne,Guingamp,St Etienne,69.56521739130434,78.26086956521739,73.91304347826087,30.146465228924,2016-03-12 20:00:00+00:00,odds_series_b.csv.gz,ambiguous_or_below_threshold
26c7bed8-f23c-48f8-8e78-a1c05348d165,3783668,Atlético Madrid,RC Deportivo de La Coruña,Atl. Madrid,Dep. La Coruna,78.26086956521739,73.33333333333334,75.79710144927537,26.58927293110203,2016-03-12 20:30:00+00:00,odds_series_b.csv.gz,ambiguous_or_below_threshold
ce719660-a811-4bd7-8df6-561a14bdb884,3937086,ES Troyes AC,Paris Saint-Germain,Troyes,Paris SG,85.71428571428572,58.33333333333333,72.02380952380952,100.0,2016-03-13 14:00:00+00:00,odds_series_b.csv.gz,ambiguous_or_below_threshold
c00b22e1-859a-478d-9814-fda70c3bbea1,4821851,SV Werder Bremen,1. FSV Mainz 05,Werder Bremen,Mainz,92.3076923076923,62.5,77.40384615384616,42.55536130536131,2016-03-19 15:30:00+00:00,odds_series_b.csv.gz,ambiguous_or_below_threshold
a0a953aa-ebb5-41df-981e-8f31dfec63b6,4821893,West Bromwich Albion,Norwich City,West Brom,Norwich,61.53846153846154,77.77777777777779,69.65811965811966,28.59228893711653,2016-03-19 16:00:00+00:00,odds_series_b.csv.gz,ambiguous_or_below_threshold
1f972e38-0df6-4374-b16e-7ecac57ac536,4822316,Olympique Lyonnais,FC Nantes,Lyon,Nantes,38.095238095238095,100.0,69.04761904761905,29.04761904761905,2016-03-19 21:00:00+00:00,odds_series_b.csv.gz,ambiguous_or_below_threshold
96391126-6769-4e04-a90e-b6ee8689efda,4822288,Stade de Reims,En Avant de Guingamp,Reims,Guingamp,66.66666666666667,69.56521739130434,68.1159420289855,27.282608695652172,2016-03-19 20:00:00+00:00,odds_series_b.csv.gz,ambiguous_or_below_threshold
d7355fdf-b849-42ef-80e1-0278c9ede518,4822330,Real Betis Balompié,Málaga CF,Betis,Malaga,45.45454545454546,100.0,72.72727272727273,24.155844155844164,2016-03-19 22:05:00+00:00,odds_series_b.csv.gz,ambiguous_or_below_threshold
66ab6ca3-59be-43eb-81f3-2497ed2c3ab7,4986944,Paris Saint-Germain,AS Monaco,Paris SG,Monaco,58.33333333333333,85.71428571428572,72.02380952380952,27.850877192982452,2016-03-20 21:00:00+00:00,odds_series_b.csv.gz,ambiguous_or_below_threshold
e66d0c61-9671-41dd-aedf-4828f12bc89a,4986328,Girondins de Bordeaux,SC Bastia,Bordeaux,Bastia,64.0,85.71428571428572,74.85714285714286,28.638655462184886,2016-03-20 14:00:00+00:00,odds_series_b.csv.gz,ambiguous_or_below_threshold
bfc150b1-8988-4f57-9dba-74734ca054a0,6839095,AS Monaco,Girondins de Bordeaux,Monaco,Bordeaux,85.71428571428572,64.0,74.85714285714286,40.10714285714286,2016-04-01 20:30:00+00:00,odds_series_b.csv.gz,ambiguous_or_below_threshold
767dfd6e-ced3-4863-9dd5-bc132f05d5c8,6992789,1. FSV Mainz 05,FC Augsburg,Mainz,Augsburg,62.5,100.0,81.25,51.838235294117645,2016-04-02 15:30:00+00:00,odds_series_b.csv.gz,ambiguous_or_below_threshold
762763ca-015b-4685-86f0-49a55b488c56,6992864,Sunderland,West Bromwich Albion,Sunderland,West Brom,100.0,61.53846153846154,80.76923076923077,34.34065934065934,2016-04-02 16:00:00+00:00,odds_series_b.csv.gz,ambiguous_or_below_threshold
1514d9eb-5f53-4b58-a053-9f40fde2eb1d,6993309,En Avant de Guingamp,Montpellier Hérault SC,Guingamp,Montpellier,69.56521739130434,70.96774193548387,70.26647966339411,32.91015782431364,2016-04-02 20:00:00+00:00,odds_series_b.csv.gz,ambiguous_or_below_threshold
88d4b7a2-cb31-4985-a0fd-65d562a74089,6993105,Paris Saint-Germain,OGC Nice,Paris SG,Nice,58.33333333333333,72.72727272727273,65.53030303030303,24.54991087344029,2016-04-02 17:00:00+00:00,odds_series_b.csv.gz,ambiguous_or_below_threshold
bda6ff3a-7348-4cc9-8c1b-3cff7ed48f54,7148759,FC Lorient,Olympique Lyonnais,Lorient,Lyon,100.0,38.095238095238095,69.04761904761905,27.99498746867168,2016-04-03 21:00:00+00:00,odds_series_b.csv.gz,ambiguous_or_below_threshold
dfacbfc3-37ef-40aa-9986-b8318ce1a263,7148535,SC Bastia,Olympique de Marseille,Bastia,Marseille,85.71428571428572,66.66666666666667,76.1904761904762,35.994397759103656,2016-04-03 17:00:00+00:00,odds_series_b.csv.gz,ambiguous_or_below_threshold
0a030d6b-f83d-48b2-a631-eae0c111f37b,7310708,Levante UD,Real Sporting de Gijón,Levante,Gijon,87.5,45.45454545454546,66.47727272727273,29.776936026936028,2016-04-04 20:30:00+00:00,odds_series_b.csv.gz,ambiguous_or_below_threshold
ea73bdc2-3306-44fe-af85-5e064440432f,8059286,VfL Wolfsburg,1. FSV Mainz 05,Wolfsburg,Mainz,85.71428571428572,62.5,74.10714285714286,33.91106442577031,2016-04-09 18:30:00+00:00,odds_series_b.csv.gz,ambiguous_or_below_threshold
316885fd-3638-4077-81ab-15ffd1e46038,8059278,Manchester City,West Bromwich Albion,Manchester City,West Brom,100.0,61.53846153846154,80.76923076923077,37.91208791208792,2016-04-09 18:30:00+00:00,odds_series_b.csv.gz,ambiguous_or_below_threshold
c3b7ddf8-384a-47b5-a07f-958198a02396,8059409,Real Betis Balompié,Levante UD,Betis,Levante,45.45454545454546,87.5,66.47727272727273,12.150349650349654,2016-04-09 22:05:00+00:00,odds_series_b.csv.gz,ambiguous_or_below_threshold
ed3c8bc9-ab1e-4c99-978a-3f06b75abd5b,8220307,FC Schalke 04,Borussia Dortmund,Schalke,Dortmund,87.5,66.66666666666667,77.08333333333334,35.382928475033744,2016-04-10 15:30:00+00:00,odds_series_b.csv.gz,ambiguous_or_below_threshold
05954d92-2d11-42db-a07a-68a6cb14e6d6,8220728,Olympique de Marseille,Girondins de Bordeaux,Marseille,Bordeaux,66.66666666666667,64.0,65.33333333333334,18.260454002389494,2016-04-10 21:00:00+00:00,odds_series_b.csv.gz,ambiguous_or_below_threshold
7ec571bb-ffe8-47e3-8e50-4c9bfcbea0af,8219895,Real Sporting de Gijón,RC Celta de Vigo,Gijon,Celta Vigo,45.45454545454546,90.0,67.72727272727273,27.727272727272734,2016-04-10 12:00:00+00:00,odds_series_b.csv.gz,ambiguous_or_below_threshold
adfcbd88-549e-4f05-b590-a9723aec2de0,9149579,West Bromwich Albion,Watford,West Brom,Watford,61.53846153846154,100.0,80.76923076923077,37.69230769230769,2016-04-16 16:00:00+00:00,odds_series_b.csv.gz,ambiguous_or_below_threshold
1f07eb48-aab3-477b-999a-1101450ab2cc,9150097,Girondins de Bordeaux,Angers SCO,Bordeaux,Angers,64.0,80.0,72.0,31.881422924901187,2016-04-16 20:00:00+00:00,odds_series_b.csv.gz,ambiguous_or_below_threshold
a653d029-5588-4248-abad-e311702fe73f,9149885,Paris Saint-Germain,SM Caen,Paris SG,Caen,58.33333333333333,80.0,69.16666666666666,26.089743589743577,2016-04-16 17:00:00+00:00,odds_series_b.csv.gz,ambiguous_or_below_threshold
bd57dbe8-d660-4222-8020-79d567a3987b,9150100,ES Troyes AC,Stade de Reims,Troyes,Reims,85.71428571428572,66.66666666666667,76.1904761904762,35.119047619047635,2016-04-16 20:00:00+00:00,odds_series_b.csv.gz,ambiguous_or_below_threshold
62326917-9a6b-4160-a5cd-f837698a4708,9150174,RC Celta de Vigo,Real Betis Balompié,Celta Vigo,Betis,90.0,45.45454545454546,67.72727272727273,24.87012987012988,2016-04-16 22:05:00+00:00,odds_series_b.csv.gz,ambiguous_or_below_threshold
d968f31f-5c1d-4c38-a024-89f1e3242a66,9150021,UD Las Palmas,Real Sporting de Gijón,Las Palmas,Gijon,90.0,45.45454545454546,67.72727272727273,24.967091731797623,2016-04-16 18:15:00+00:00,odds_series_b.csv.gz,ambiguous_or_below_threshold
44917813-647e-47d0-a160-02b357137272,9309212,1. FSV Mainz 05,1. FC Köln,Mainz,1. FC Koln,62.5,100.0,81.25,39.58333333333333,2016-04-17 17:30:00+00:00,odds_series_b.csv.gz,ambiguous_or_below_threshold
b993e0ee-f420-4398-ae2b-6577efb97a9e,9308689,Leicester City,West Ham United,Leicester,West Ham,81.81818181818181,70.0,75.9090909090909,36.67832167832168,2016-04-17 14:30:00+00:00,odds_series_b.csv.gz,ambiguous_or_below_threshold
473915bf-45be-44f9-846f-77da531708ca,9309347,AS Monaco,Olympique de Marseille,Monaco,Marseille,85.71428571428572,66.66666666666667,76.1904761904762,24.412698412698425,2016-04-17 21:00:00+00:00,odds_series_b.csv.gz,ambiguous_or_below_threshold
70eda90c-7018-4c0c-9772-b65a5ff7008e,9638984,Real Betis Balompié,UD Las Palmas,Betis,Las Palmas,45.45454545454546,90.0,67.72727272727273,29.44155844155845,2016-04-19 21:00:00+00:00,odds_series_b.csv.gz,ambiguous_or_below_threshold
f8372a55-b1c3-47bc-ab36-c4e78f9de051,9786746,Real Sporting de Gijón,Sevilla FC,Gijon,Sevilla,45.45454545454546,100.0,72.72727272727273,20.745920745920756,2016-04-20 20:45:00+00:00,odds_series_b.csv.gz,ambiguous_or_below_threshold
8f182000-45a8-4512-8791-5e8aa1247e6e,3783586,Arsenal,West Bromwich Albion,Arsenal,West Brom,100.0,61.53846153846154,80.76923076923077,40.18481518481519,2016-04-21 20:45:00+00:00,odds_series_b.csv.gz,ambiguous_or_below_threshold
b858ed2d-7df2-4e78-935c-beffd470c0ee,10091240,OGC Nice,Stade de Reims,Nice,Reims,72.72727272727273,66.66666666666667,69.6969696969697,33.86809269162211,2016-04-22 20:30:00+00:00,odds_series_b.csv.gz,ambiguous_or_below_threshold
03abc666-13f7-45aa-ae51-a3f84c72ab6a,10249258,Toulouse FC,Olympique Lyonnais,Toulouse,Lyon,100.0,38.095238095238095,69.04761904761905,36.27169931517758,2016-04-23 17:30:00+00:00,odds_series_b.csv.gz,ambiguous_or_below_threshold
b7e3d246-c482-459d-bd1e-b54b86751cb6,10396124,Eintracht Frankfurt,1. FSV Mainz 05,Eintracht Frankfurt,Mainz,100.0,62.5,81.25,43.269230769230774,2016-04-24 17:30:00+00:00,odds_series_b.csv.gz,ambiguous_or_below_threshold
0cbe9223-0fd2-4b5c-b0b8-f133c93f9b66,10396012,En Avant de Guingamp,SM Caen,Guingamp,Caen,69.56521739130434,80.0,74.78260869565217,32.52070393374741,2016-04-24 17:00:00+00:00,odds_series_b.csv.gz,ambiguous_or_below_threshold
8d78821c-4d62-419d-8302-f065a4494118,10396273,Stade Rennais FC,AS Monaco,Rennes,Monaco,55.55555555555556,85.71428571428572,70.63492063492063,16.825396825396822,2016-04-24 21:00:00+00:00,odds_series_b.csv.gz,ambiguous_or_below_threshold
101524b9-a7bf-4a13-9cd8-57572658eb8e,10395957,Sevilla FC,Real Betis Balompié,Sevilla,Betis,100.0,45.45454545454546,72.72727272727273,28.496503496503507,2016-04-24 16:00:00+00:00,odds_series_b.csv.gz,ambiguous_or_below_threshold
1875b2a3-761a-4852-9fc0-ccabd2f7badb,10561330,Tottenham Hotspur,West Bromwich Albion,Tottenham,West Brom,72.0,61.53846153846154,66.76923076923077,32.286472148541115,2016-04-25 21:00:00+00:00,odds_series_b.csv.gz,ambiguous_or_below_threshold
0630f581-3053-4e39-8471-5f7edf5dd089,10875330,LOSC Lille,Angers SCO,Lille,Angers,71.42857142857143,80.0,75.71428571428572,35.41125541125542,2016-04-27 18:30:00+00:00,odds_series_b.csv.gz,ambiguous_or_below_threshold
40ca78f8-128b-443e-bee6-abaf7a05d834,11360410,Borussia Dortmund,VfL Wolfsburg,Dortmund,Wolfsburg,66.66666666666667,85.71428571428572,76.1904761904762,48.346673134449034,2016-04-30 15:30:00+00:00,odds_series_b.csv.gz,ambiguous_or_below_threshold
ef2f3d2e-7281-4d64-9ad3-05b7bf018f90,11360413,1. FSV Mainz 05,Hamburger SV,Mainz,Hamburger SV,62.5,100.0,81.25,43.23830409356725,2016-04-30 15:30:00+00:00,odds_series_b.csv.gz,ambiguous_or_below_threshold
07496fb7-4b4d-402b-bc82-a8b7a5e66a2b,11360481,West Bromwich Albion,West Ham United,West Brom,West Ham,61.53846153846154,70.0,65.76923076923077,23.547008547008552,2016-04-30 16:00:00+00:00,odds_series_b.csv.gz,ambiguous_or_below_threshold
48165566-a739-4bf1-8b7d-40ddcb43da4c,11361064,Olympique Lyonnais,GFC Ajaccio,Lyon,GFC Ajaccio,38.095238095238095,100.0,69.04761904761905,30.966659527379164,2016-04-30 21:00:00+00:00,odds_series_b.csv.gz,ambiguous_or_below_threshold
97afd240-b46f-4a98-8a26-74cf32c76d04,11360977,ES Troyes AC,Girondins de Bordeaux,Troyes,Bordeaux,85.71428571428572,64.0,74.85714285714286,35.968253968253975,2016-04-30 19:00:00+00:00,odds_series_b.csv.gz,ambiguous_or_below_threshold
a0c40be1-2a3e-46ee-b929-bd046bd1f90b,11360976,Stade de Reims,Montpellier Hérault SC,Reims,Montpellier,66.66666666666667,70.96774193548387,68.81720430107526,23.579109062980024,2016-04-30 19:00:00+00:00,odds_series_b.csv.gz,ambiguous_or_below_threshold
c1b7196f-064b-405d-8b39-602d4d0ba8fc,11360975,AS Monaco,En Avant de Guingamp,Monaco,Guingamp,85.71428571428572,69.56521739130434,77.63975155279503,39.23395445134575,2016-04-30 19:00:00+00:00,odds_series_b.csv.gz,ambiguous_or_below_threshold
0e9e7428-cb28-4333-bdaf-a61e749377df,11361047,Real Betis Balompié,FC Barcelona,Betis,Barcelona,45.45454545454546,100.0,72.72727272727273,22.727272727272734,2016-04-30 20:30:00+00:00,odds_series_b.csv.gz,ambiguous_or_below_threshold
8ccc33d2-a484-46f8-bb27-6d647c7b7b35,11526281,Angers SCO,Olympique de Marseille,Angers,Marseille,80.0,66.66666666666667,73.33333333333334,28.8888888888889,2016-05-01 17:00:00+00:00,odds_series_b.csv.gz,ambiguous_or_below_threshold
a5eb06ff-896b-4e2a-85b4-9b8d80ceab48,12487232,VfB Stuttgart,1. FSV Mainz 05,VfB Stuttgart,Mainz,100.0,62.5,81.25,49.58333333333333,2016-05-07 15:30:00+00:00,odds_series_b.csv.gz,ambiguous_or_below_threshold
7f5a19ad-21ef-4f8f-b4cf-8fcc405696ea,12487284,Bournemouth,West Bromwich Albion,Bournemouth,West Brom,100.0,61.53846153846154,80.76923076923077,36.858974358974365,2016-05-07 16:00:00+00:00,odds_series_b.csv.gz,ambiguous_or_below_threshold
ac6fc350-aa81-4b35-9941-908409315c23,12487287,West Ham United,Swansea City,West Ham,Swansea,70.0,77.77777777777779,73.88888888888889,32.43589743589743,2016-05-07 16:00:00+00:00,odds_series_b.csv.gz,ambiguous_or_below_threshold
4ad8be53-ac0c-4063-a913-87e984532672,12487735,Olympique de Marseille,Stade de Reims,Marseille,Reims,66.66666666666667,66.66666666666667,66.66666666666667,21.42857142857143,2016-05-07 21:00:00+00:00,odds_series_b.csv.gz,ambiguous_or_below_threshold
6001cb88-9893-4b3e-851f-c8f6fb71538c,12487733,LOSC Lille,En Avant de Guingamp,Lille,Guingamp,71.42857142857143,69.56521739130434,70.49689440993788,31.44927536231883,2016-05-07 21:00:00+00:00,odds_series_b.csv.gz,ambiguous_or_below_threshold
76b15d4e-1d19-46a8-b02b-3f16299529ef,12487732,GFC Ajaccio,Paris Saint-Germain,GFC Ajaccio,Paris SG,100.0,58.33333333333333,79.16666666666666,42.75641025641025,2016-05-07 21:00:00+00:00,odds_series_b.csv.gz,ambiguous_or_below_threshold
efd00fde-c4c5-4846-9d90-391902e7851d,12487731,Girondins de Bordeaux,FC Lorient,Bordeaux,Lorient,64.0,100.0,82.0,46.77832512315271,2016-05-07 21:00:00+00:00,odds_series_b.csv.gz,ambiguous_or_below_threshold
fe1f47f2-81e0-4d56-bab4-3a69a182676f,12487738,OGC Nice,AS Saint-Étienne,Nice,St Etienne,72.72727272727273,78.26086956521739,75.49407114624506,32.32636928289102,2016-05-07 21:00:00+00:00,odds_series_b.csv.gz,ambiguous_or_below_threshold
b6874b29-2ee5-4fc1-84bd-382577e3fd86,12664390,Roma,Chievo Verona,AS Roma,Chievo,80.0,66.66666666666667,73.33333333333334,23.333333333333343,2016-05-08 12:30:00+00:00,odds_series_b.csv.gz,ambiguous_or_below_threshold
7eba36b6-c322-4bc9-afc0-c340b0c6baf6,12665036,Getafe CF,Real Sporting de Gijón,Getafe,Gijon,100.0,45.45454545454546,72.72727272727273,30.505050505050512,2016-05-08 17:00:00+00:00,odds_series_b.csv.gz,ambiguous_or_below_threshold
294bd989-7552-4d19-9ac2-59125dd31037,13655922,1. FSV Mainz 05,Hertha BSC Berlin,Mainz,Hertha Berlin,62.5,88.88888888888889,75.69444444444444,41.57533774469258,2016-05-14 15:30:00+00:00,odds_series_b.csv.gz,ambiguous_or_below_threshold
2e8aba4a-2fdd-4a29-bad8-9cf4989252be,13656383,SM Caen,Girondins de Bordeaux,Caen,Bordeaux,80.0,64.0,72.0,29.608695652173914,2016-05-14 21:00:00+00:00,odds_series_b.csv.gz,ambiguous_or_below_threshold
662cd054-9d31-4a07-be8d-d252c32e059d,13656392,ES Troyes AC,Olympique de Marseille,Troyes,Marseille,85.71428571428572,66.66666666666667,76.1904761904762,35.565476190476204,2016-05-14 21:00:00+00:00,odds_series_b.csv.gz,ambiguous_or_below_threshold
81b8e2f5-88aa-48e6-aa3c-d5202fbc1398,13656391,AS Saint-Étienne,LOSC Lille,St Etienne,Lille,78.26086956521739,71.42857142857143,74.84472049689441,33.17805383022774,2016-05-14 21:00:00+00:00,odds_series_b.csv.gz,ambiguous_or_below_threshold
8e560b10-29ca-443e-8200-7fdd29098469,13656388,Paris Saint-Germain,FC Nantes,Paris SG,Nantes,58.33333333333333,100.0,79.16666666666666,40.4967159277504,2016-05-14 21:00:00+00:00,odds_series_b.csv.gz,ambiguous_or_below_threshold
98d000dd-91ea-4172-a97f-4e366d8b2ff1,13656385,En Avant de Guingamp,OGC Nice,Guingamp,Nice,69.56521739130434,72.72727272727273,71.14624505928853,35.14624505928853,2016-05-14 21:00:00+00:00,odds_series_b.csv.gz,ambiguous_or_below_threshold
d89a69c5-d453-4359-92a5-d6c61b7554ee,13656390,Stade Rennais FC,SC Bastia,Rennes,Bastia,55.55555555555556,85.71428571428572,70.63492063492063,19.673382173382173,2016-05-14 21:00:00+00:00,odds_series_b.csv.gz,ambiguous_or_below_threshold
45db84b6-c7b3-4628-9af4-2ad189a9165d,13836411,West Bromwich Albion,Liverpool,West Brom,Liverpool,61.53846153846154,100.0,80.76923076923077,41.11078674646038,2016-05-15 16:00:00+00:00,odds_series_b.csv.gz,ambiguous_or_below_threshold
b5e0fe9c-5b0f-4adb-b0cd-f8a406c728cb,13836727,Real Betis Balompié,Getafe CF,Betis,Getafe,45.45454545454546,100.0,72.72727272727273,31.727272727272734,2016-05-15 19:30:00+00:00,odds_series_b.csv.gz,ambiguous_or_below_threshold
e5d4dc5a-1fc8-4ac1-8164-ed50b0948a9a,35771663,SC Bastia,Paris St. Germain,Bastia,Paris SG,85.71428571428572,66.66666666666667,76.1904761904762,27.489177489177507,2016-08-12 20:00:00+00:00,odds_series_b.csv.gz,ambiguous_or_below_threshold
0249c6fa-1052-4233-825c-ba765057c9df,36052729,Crystal Palace,West Bromwich Albion,Crystal Palace,West Brom,100.0,61.53846153846154,80.76923076923077,37.72893772893774,2016-08-13 16:00:00+00:00,odds_series_b.csv.gz,ambiguous_or_below_threshold
37ccc0e7-e78b-4088-94a4-df01b4efbee9,36053213,Girondins Bordeaux,AS St. Etienne,Bordeaux,St Etienne,64.0,90.0,77.0,38.20689655172414,2016-08-13 17:00:00+00:00,odds_series_b.csv.gz,ambiguous_or_below_threshold
76ea9a05-2fb7-4a69-b001-a951c78e66fe,36053612,Dijon Football,FC Nantes,Dijon,Nantes,55.55555555555556,100.0,77.77777777777777,35.386473429951685,2016-08-13 20:00:00+00:00,odds_series_b.csv.gz,ambiguous_or_below_threshold
e88b2e0e-4d87-41ce-b2de-1ebaa42c7151,36352794,AS Nancy,Olympique Lyon,Nancy,Lyon,83.33333333333334,47.05882352941176,65.19607843137256,23.767507002801125,2016-08-14 15:00:00+00:00,odds_series_b.csv.gz,ambiguous_or_below_threshold
f0e2469d-9dde-4ebe-a4ac-a04cd346077f,38096580,West Bromwich Albion,FC Everton,West Brom,Everton,61.53846153846154,100.0,80.76923076923077,35.769230769230774,2016-08-20 16:00:00+00:00,odds_series_b.csv.gz,ambiguous_or_below_threshold
7ffb32c1-7d8a-4120-be62-ea79f853aab6,38097537,Stade Rennes,AS Nancy,Rennes,Nancy,70.58823529411764,83.33333333333334,76.9607843137255,31.57616892911011,2016-08-20 20:00:00+00:00,odds_series_b.csv.gz,ambiguous_or_below_threshold
ad016b42-d23b-406d-b6e4-a9238d51b829,38097541,FC Toulouse,Girondins Bordeaux,Toulouse,Bordeaux,100.0,64.0,82.0,47.668202764976954,2016-08-20 20:00:00+00:00,odds_series_b.csv.gz,ambiguous_or_below_threshold
ff11a0a1-b1a3-4d54-b007-50065b700a42,38097531,OSC Lille,Dijon Football,Lille,Dijon,76.92307692307692,55.55555555555556,66.23931623931624,27.602952602952605,2016-08-20 20:00:00+00:00,odds_series_b.csv.gz,ambiguous_or_below_threshold
0ac2dad4-3643-407e-b328-51fd44e1bafe,38097618,Juventus Turin,AC Florenz,Juventus,Fiorentina,76.19047619047619,58.82352941176471,67.50700280112045,25.62666092077857,2016-08-20 20:45:00+00:00,odds_series_b.csv.gz,ambiguous_or_below_threshold
2bffa213-672f-4f92-ae54-3be327e6c7f5,38097647,FC Sevilla,Espanyol Barcelona,Sevilla,Espanyol,100.0,64.0,82.0,100.0,2016-08-20 22:15:00+00:00,odds_series_b.csv.gz,ambiguous_or_below_threshold
519ca7eb-4b70-4820-91f9-358c08cadec6,38384884,EA Guingamp,Olympique Marseille,Guingamp,Marseille,88.88888888888889,66.66666666666667,77.77777777777777,36.32478632478632,2016-08-21 15:00:00+00:00,odds_series_b.csv.gz,ambiguous_or_below_threshold
f0b2afdb-098f-433e-aaa4-621ae62bebf3,38385751,Atalanta Bergamo,Lazio Rom,Atalanta,Lazio,69.56521739130434,76.92307692307692,73.24414715719064,39.34101325405673,2016-08-21 20:45:00+00:00,odds_series_b.csv.gz,ambiguous_or_below_threshold
f82d1d4f-dda2-4336-8c2b-67569081b39e,38385763,FC Genua 1893,Cagliari Calcio,Genoa,Cagliari,57.14285714285714,100.0,78.57142857142857,43.506493506493506,2016-08-21 20:45:00+00:00,odds_series_b.csv.gz,ambiguous_or_below_threshold
1ae2162a-ed21-4fb1-8525-8314fc2ee21e,38385571,Sporting Gijon,Athletic Bilbao,Gijon,Ath Bilbao,55.55555555555556,78.26086956521739,66.90821256038647,29.678775330949243,2016-08-21 18:15:00+00:00,odds_series_b.csv.gz,ambiguous_or_below_threshold
4850b66b-86a6-4ea8-a7a9-0ae82cfc686d,38385827,Atletico Madrid,Deportivo Alavés,Atl. Madrid,Alaves,78.26086956521739,57.14285714285714,67.70186335403727,21.27329192546584,2016-08-21 22:15:00+00:00,odds_series_b.csv.gz,ambiguous_or_below_threshold
a4989a54-3d2f-4da5-ad57-eccb8e22d6a1,39629740,Espanyol Barcelona,FC Malaga,Espanyol,Malaga,64.0,100.0,82.0,37.42857142857143,2016-08-26 22:00:00+00:00,odds_series_b.csv.gz,ambiguous_or_below_threshold
a5034b42-6ce8-4554-8c6b-58463d16c2ff,39629730,Real Betis,Deportivo La Coruna,Betis,Dep. La Coruna,71.42857142857143,78.57142857142857,75.0,37.5,2016-08-26 20:45:00+00:00,odds_series_b.csv.gz,ambiguous_or_below_threshold
0793ef8b-ee2a-4313-a9e8-8498117f10f3,39927999,SSC Neapel,AC Mailand,Napoli,AC Milan,53.333333333333336,83.33333333333334,68.33333333333334,35.151515151515156,2016-08-27 20:45:00+00:00,odds_series_b.csv.gz,ambiguous_or_below_threshold
9f966942-079f-487f-884d-a359f252d6dd,39927710,Lazio Rom,Juventus Turin,Lazio,Juventus,76.92307692307692,76.19047619047619,76.55677655677655,23.223443223443212,2016-08-27 18:00:00+00:00,odds_series_b.csv.gz,ambiguous_or_below_threshold
f5425264-1dae-4f68-9806-2f4985e94301,40187140,Hertha BSC,SC Freiburg,Hertha Berlin,Freiburg,66.66666666666667,88.88888888888889,77.77777777777777,35.595959595959584,2016-08-28 15:30:00+00:00,odds_series_b.csv.gz,ambiguous_or_below_threshold
da86cfb0-62ea-4621-a6ea-768baf33b682,40186994,West Bromwich Albion,FC Middlesbrough,West Brom,Middlesbrough,61.53846153846154,100.0,80.76923076923077,37.22243273967412,2016-08-28 14:30:00+00:00,odds_series_b.csv.gz,ambiguous_or_below_threshold
7478a1e2-8acf-48d6-b3bc-3ee97489ccd7,40187026,Girondins Bordeaux,FC Nantes,Bordeaux,Nantes,64.0,100.0,82.0,32.0,2016-08-28 15:00:00+00:00,odds_series_b.csv.gz,ambiguous_or_below_threshold
9167298d-dbb4-4f12-b717-1d973e221fdf,40187892,AS Monaco,Paris St. Germain,Monaco,Paris SG,85.71428571428572,66.66666666666667,76.1904761904762,29.05088808978971,2016-08-28 20:45:00+00:00,odds_series_b.csv.gz,ambiguous_or_below_threshold
4b0da34e-4f6f-4942-9221-b6e54f5bc8e5,40187897,Sampdoria Genua,Atalanta Bergamo,Sampdoria,Atalanta,78.26086956521739,69.56521739130434,73.91304347826087,30.836120401337794,2016-08-28 20:45:00+00:00,odds_series_b.csv.gz,ambiguous_or_below_threshold
fb28894b-155d-4e3b-9ca1-af49ad0f1760,40187895,FC Crotone,FC Genua 1893,Crotone,Genoa,100.0,57.14285714285714,78.57142857142857,46.9047619047619,2016-08-28 20:45:00+00:00,odds_series_b.csv.gz,ambiguous_or_below_threshold
fb8c0284-df94-4326-946d-960ea6fae089,40187560,Inter Mailand,US Palermo,Inter,Palermo,58.82352941176471,87.5,73.16176470588235,29.632352941176464,2016-08-28 18:00:00+00:00,odds_series_b.csv.gz,ambiguous_or_below_threshold
73b6876c-b4d6-4659-aebe-aa540454f5a2,43507115,Real Sociedad,Espanyol Barcelona,Real Sociedad,Espanyol,100.0,64.0,82.0,34.77777777777778,2016-09-09 20:45:00+00:00,odds_series_b.csv.gz,ambiguous_or_below_threshold
d6ad5902-3d2f-4a37-9ec8-4d9eb1f00fc7,43813088,AFC Bournemouth,West Bromwich Albion,Bournemouth,West Brom,100.0,61.53846153846154,80.76923076923077,40.27215474583896,2016-09-10 16:00:00+00:00,odds_series_b.csv.gz,ambiguous_or_below_threshold
790ad189-942b-4987-94cc-79fb7cf9d14e,43814219,SCO Angers,Dijon Football,Angers,Dijon,80.0,55.55555555555556,67.77777777777777,26.36363636363636,2016-09-10 20:00:00+00:00,odds_series_b.csv.gz,ambiguous_or_below_threshold
768ce731-0eab-4c22-81cc-d096748a84be,43814290,US Palermo,SSC Neapel,Palermo,Napoli,87.5,53.333333333333336,70.41666666666667,30.23809523809524,2016-09-10 20:45:00+00:00,odds_series_b.csv.gz,ambiguous_or_below_threshold
b4873894-36ad-4419-9dcd-ae0b374269a6,43814281,FC Barcelona,Deportivo Alavés,Barcelona,Alaves,100.0,57.14285714285714,78.57142857142857,35.68349753694581,2016-09-10 20:30:00+00:00,odds_series_b.csv.gz,ambiguous_or_below_threshold
48b16a94-be9f-42d5-b7c0-75d14d6bb945,44123218,1. FSV Mainz 05,1899 Hoffenheim,Mainz,Hoffenheim,62.5,83.33333333333334,72.91666666666667,38.392857142857146,2016-09-11 17:30:00+00:00,odds_series_b.csv.gz,ambiguous_or_below_threshold
4dfe741f-b9c4-43d6-9c09-fc0ceea08b93,44123092,Stade Rennes,SM Caen,Rennes,Caen,70.58823529411764,80.0,75.29411764705881,24.044117647058812,2016-09-11 17:00:00+00:00,odds_series_b.csv.gz,ambiguous_or_below_threshold
7f3b3c26-bea8-41c0-8010-f30bf81b4c07,44122454,AC Chievo Verona,Lazio Rom,Chievo,Lazio,66.66666666666667,76.92307692307692,71.7948717948718,30.128205128205124,2016-09-11 15:00:00+00:00,odds_series_b.csv.gz,ambiguous_or_below_threshold
c41f7117-ad5c-49ff-847a-75d1b4e6bc1c,44122450,Atalanta Bergamo,FC Turin,Atalanta,Torino,69.56521739130434,72.72727272727273,71.14624505928853,24.752014290057758,2016-09-11 15:00:00+00:00,odds_series_b.csv.gz,ambiguous_or_below_threshold
34f89428-b8f0-413a-8105-7c045800d16e,44121998,Sporting Gijon,CD Leganes,Gijon,Leganes,55.55555555555556,87.5,71.52777777777777,33.345959595959584,2016-09-11 12:00:00+00:00,odds_series_b.csv.gz,ambiguous_or_below_threshold
dadcdaea-f093-48ff-b314-2245368f38a9,45478412,SM Caen,Paris St. Germain,Caen,Paris SG,80.0,66.66666666666667,73.33333333333334,100.0,2016-09-16 20:45:00+00:00,odds_series_b.csv.gz,ambiguous_or_below_threshold
ee71657f-d103-48cc-8cea-22d11a2647bf,45766401,Borussia Dortmund,SV Darmstadt 98,Dortmund,Darmstadt,66.66666666666667,81.81818181818181,74.24242424242425,40.722087636533644,2016-09-17 15:30:00+00:00,odds_series_b.csv.gz,ambiguous_or_below_threshold
f95bdd10-d47e-4ca8-9322-ddb441544bdc,45766584,West Bromwich Albion,West Ham United,West Brom,West Ham,61.53846153846154,70.0,65.76923076923077,14.711029711029717,2016-09-17 16:00:00+00:00,odds_series_b.csv.gz,ambiguous_or_below_threshold
0ce7793f-7d9f-49aa-b10b-da34e260802e,45767635,Dijon Football,FC Metz,Dijon,Metz,55.55555555555556,100.0,77.77777777777777,39.68253968253967,2016-09-17 20:00:00+00:00,odds_series_b.csv.gz,ambiguous_or_below_threshold
98033024-f61e-407b-9194-2f30148b669f,45767632,Girondins Bordeaux,SCO Angers,Bordeaux,Angers,64.0,80.0,72.0,29.77777777777778,2016-09-17 20:00:00+00:00,odds_series_b.csv.gz,ambiguous_or_below_threshold
292938f5-8416-4c41-ad45-3cdbfd59ee73,45767721,SSC Neapel,FC Bologna,Napoli,Bologna,53.333333333333336,100.0,76.66666666666667,38.77492877492878,2016-09-17 20:45:00+00:00,odds_series_b.csv.gz,ambiguous_or_below_threshold
ac8a8460-cb0a-4857-bb56-0c858236ac6b,45767337,Lazio Rom,Delfino Pescara 1936,Lazio,Pescara,76.92307692307692,56.00000000000001,66.46153846153847,27.168399168399176,2016-09-17 18:00:00+00:00,odds_series_b.csv.gz,ambiguous_or_below_threshold
115261c3-301c-4eef-b988-bf497e0be430,45767125,Atletico Madrid,Sporting Gijon,Atl. Madrid,Gijon,78.26086956521739,55.55555555555556,66.90821256038647,20.169082125603865,2016-09-17 16:15:00+00:00,odds_series_b.csv.gz,ambiguous_or_below_threshold
80bd67f7-f924-47e6-8a9e-47d4c80d5796,46065418,FC Augsburg,1. FSV Mainz 05,Augsburg,Mainz,100.0,62.5,81.25,50.57773109243698,2016-09-18 15:30:00+00:00,odds_series_b.csv.gz,ambiguous_or_below_threshold
aee08064-a394-419a-8c05-382918118be8,46065955,Hertha BSC,FC Schalke 04,Hertha Berlin,Schalke,66.66666666666667,87.5,77.08333333333334,38.19444444444446,2016-09-18 17:30:00+00:00,odds_series_b.csv.gz,ambiguous_or_below_threshold
08a37325-9366-431d-a9fc-ac071d539140,46066009,Inter Mailand,Juventus Turin,Inter,Juventus,58.82352941176471,76.19047619047619,67.50700280112045,18.012053306170955,2016-09-18 18:00:00+00:00,odds_series_b.csv.gz,ambiguous_or_below_threshold
36d04900-84a5-4c90-a23d-c26d362cc98b,46065093,US Sassuolo Calcio,FC Genua 1893,Sassuolo,Genoa,88.88888888888889,57.14285714285714,73.01587301587301,37.631257631257625,2016-09-18 15:00:00+00:00,odds_series_b.csv.gz,ambiguous_or_below_threshold
aaba9c81-23ff-4607-af6c-94e36dd8d606,46066359,AC Florenz,AS Rom,Fiorentina,AS Roma,58.82352941176471,90.9090909090909,74.86631016042782,35.58059587471353,2016-09-18 20:45:00+00:00,odds_series_b.csv.gz,ambiguous_or_below_threshold
a4194baf-aab2-48c4-acf0-0b7c89ae550b,46066362,Espanyol Barcelona,Real Madrid,Espanyol,Real Madrid,64.0,100.0,82.0,42.64073226544622,2016-09-18 20:45:00+00:00,odds_series_b.csv.gz,ambiguous_or_below_threshold
5a619bb6-cccd-4c5f-ade9-e184d92f441b,46369200,Deportivo Alavés,Deportivo La Coruna,Alaves,Dep. La Coruna,57.14285714285714,78.57142857142857,67.85714285714286,31.959706959706963,2016-09-19 20:45:00+00:00,odds_series_b.csv.gz,ambiguous_or_below_threshold
efd1f237-91fd-4abc-8550-789948f3e377,46642621,VfL Wolfsburg,Borussia Dortmund,Wolfsburg,Dortmund,85.71428571428572,66.66666666666667,76.1904761904762,53.00865800865802,2016-09-20 20:00:00+00:00,odds_series_b.csv.gz,ambiguous_or_below_threshold
46915bb5-3b35-4484-a329-1b36de994824,46903038,FC Bayern München,Hertha BSC,Bayern Munich,Hertha Berlin,88.0,66.66666666666667,77.33333333333334,36.948717948717956,2016-09-21 20:00:00+00:00,odds_series_b.csv.gz,ambiguous_or_below_threshold
af783096-a2da-46e8-b1d4-4eee4ba7b315,46903044,SV Werder Bremen,1. FSV Mainz 05,SV Werder Bremen,Mainz,100.0,62.5,81.25,46.73148148148148,2016-09-21 20:00:00+00:00,odds_series_b.csv.gz,ambiguous_or_below_threshold
33fbadd4-d4b9-4bab-843c-6f77fd10810b,46902971,Olympique Lyon,HSC Montpellier,Lyon,Montpellier,47.05882352941176,88.0,67.52941176470588,48.62989023360541,2016-09-21 19:00:00+00:00,odds_series_b.csv.gz,ambiguous_or_below_threshold
8bb04c1a-bf2a-42d2-bdae-55728ddf3e88,46902972,FC Metz,Girondins Bordeaux,Metz,Bordeaux,100.0,64.0,82.0,49.204301075268816,2016-09-21 19:00:00+00:00,odds_series_b.csv.gz,ambiguous_or_below_threshold
d38293d6-f9a3-4814-92d0-52dc605bacee,46903207,Stade Rennes,Olympique Marseille,Rennes,Marseille,70.58823529411764,66.66666666666667,68.62745098039215,34.284016636957816,2016-09-21 21:00:00+00:00,odds_series_b.csv.gz,ambiguous_or_below_threshold
81722eae-078e-4429-84b2-b028f5c50826,46903167,AC Chievo Verona,US Sassuolo Calcio,Chievo,Sassuolo,66.66666666666667,88.88888888888889,77.77777777777777,39.33384185100432,2016-09-21 20:45:00+00:00,odds_series_b.csv.gz,ambiguous_or_below_threshold
c2f01487-4c27-4b80-ba34-83bc7eb15d65,46903184,Udinese Calcio,AC Florenz,Udinese,Fiorentina,100.0,58.82352941176471,79.41176470588235,40.33613445378151,2016-09-21 20:45:00+00:00,odds_series_b.csv.gz,ambiguous_or_below_threshold
d4493138-cf2a-44fd-aafe-1f3599dece3a,46903170,FC Empoli,Inter Mailand,Empoli,Inter,100.0,58.82352941176471,79.41176470588235,36.33484162895927,2016-09-21 20:45:00+00:00,odds_series_b.csv.gz,ambiguous_or_below_threshold
91116cbf-80bb-4a08-909a-afabadcb0f30,47197762,CA Osasuna,Espanyol Barcelona,Osasuna,Espanyol,87.5,64.0,75.75,34.08333333333333,2016-09-22 20:00:00+00:00,odds_series_b.csv.gz,ambiguous_or_below_threshold
baa8a453-72fc-4545-ba2c-f6ec7db8a6dd,47197776,FC Valencia,Deportivo Alavés,Valencia,Alaves,100.0,57.14285714285714,78.57142857142857,27.45580991017097,2016-09-22 22:00:00+00:00,odds_series_b.csv.gz,ambiguous_or_below_threshold
7f7cf3d7-ea59-46fe-b40c-4fa01ea165a6,47480929,Borussia Dortmund,SC Freiburg,Dortmund,Freiburg,66.66666666666667,88.88888888888889,77.77777777777777,42.93614881850175,2016-09-23 20:30:00+00:00,odds_series_b.csv.gz,ambiguous_or_below_threshold
765a8725-b1ba-47f3-b0f5-77cb82710a25,47776323,1. FSV Mainz 05,Bayer Leverkusen,Mainz,Bayer Leverkusen,62.5,100.0,81.25,46.041666666666664,2016-09-24 15:30:00+00:00,odds_series_b.csv.gz,ambiguous_or_below_threshold
d64ca8cb-9d17-4958-888d-36538a7c024b,47776466,Stoke City,West Bromwich Albion,Stoke City,West Brom,100.0,61.53846153846154,80.76923076923077,41.32957559681698,2016-09-24 16:00:00+00:00,odds_series_b.csv.gz,ambiguous_or_below_threshold
c67e2c1e-019b-486c-9da2-fe4a97edea20,47777459,Girondins Bordeaux,SM Caen,Bordeaux,Caen,64.0,80.0,72.0,28.25,2016-09-24 20:00:00+00:00,odds_series_b.csv.gz,ambiguous_or_below_threshold
da4186fd-bde7-4e5a-bfb9-f61236537512,47777133,FC Lorient,Olympique Lyon,Lorient,Lyon,100.0,47.05882352941176,73.52941176470588,29.481792717086833,2016-09-24 17:00:00+00:00,odds_series_b.csv.gz,ambiguous_or_below_threshold
218ac18d-d2f5-47c7-8d25-af63fe5c6622,47777051,Sporting Gijon,FC Barcelona,Gijon,Barcelona,55.55555555555556,100.0,77.77777777777777,37.77777777777777,2016-09-24 16:15:00+00:00,odds_series_b.csv.gz,ambiguous_or_below_threshold
619423ae-0340-4f27-b462-6a8c5a58e59b,48081587,Inter Mailand,FC Bologna,Inter,Bologna,58.82352941176471,100.0,79.41176470588235,35.47237076648841,2016-09-25 15:00:00+00:00,odds_series_b.csv.gz,ambiguous_or_below_threshold
69a543a5-fe98-4c80-9cda-4a936de41cb4,48082765,AC Florenz,AC Mailand,Fiorentina,AC Milan,58.82352941176471,83.33333333333334,71.07843137254903,24.51972691910774,2016-09-25 20:45:00+00:00,odds_series_b.csv.gz,ambiguous_or_below_threshold
7daa308a-fae4-4993-91e9-e4d6207bd211,48082768,Espanyol Barcelona,Celta Vigo,Espanyol,Celta Vigo,64.0,100.0,82.0,37.500821018062396,2016-09-25 20:45:00+00:00,odds_series_b.csv.gz,ambiguous_or_below_threshold
4fbca4be-12b9-48f7-90cc-4585c1683715,48385278,Deportivo Alavés,FC Granada,Alaves,Granada CF,57.14285714285714,100.0,78.57142857142857,39.285714285714285,2016-09-26 20:45:00+00:00,odds_series_b.csv.gz,ambiguous_or_below_threshold
d9b6b5e0-34a9-4eaf-ad3a-0baa8c54cd9b,49852845,AFC Sunderland,West Bromwich Albion,Sunderland,West Brom,100.0,61.53846153846154,80.76923076923077,32.991452991452995,2016-10-01 16:00:00+00:00,odds_series_b.csv.gz,ambiguous_or_below_threshold
bff7b354-2740-4ed5-8f3e-30739a1b72f3,49853801,Dijon Football,HSC Montpellier,Dijon,Montpellier,55.55555555555556,88.0,71.77777777777777,41.48324762350008,2016-10-01 20:00:00+00:00,odds_series_b.csv.gz,ambiguous_or_below_threshold
e9a67a5a-9795-45ce-b7e4-ae9e43fb3aa2,49853430,Paris St. Germain,Girondins Bordeaux,Paris SG,Bordeaux,66.66666666666667,64.0,65.33333333333334,25.137254901960794,2016-10-01 17:00:00+00:00,odds_series_b.csv.gz,ambiguous_or_below_threshold
58e3753f-6c9f-4e82-a442-af42ca6aa2f3,49853874,Deportivo La Coruna,Sporting Gijon,Dep. La Coruna,Gijon,78.57142857142857,55.55555555555556,67.06349206349206,22.492063492063494,2016-10-01 20:45:00+00:00,odds_series_b.csv.gz,ambiguous_or_below_threshold
66d00d8d-9d1d-47e9-a356-21961e947e50,49853355,FC Sevilla,Deportivo Alavés,Sevilla,Alaves,100.0,57.14285714285714,78.57142857142857,38.97243107769424,2016-10-01 16:15:00+00:00,odds_series_b.csv.gz,ambiguous_or_below_threshold
949ff533-be51-4f17-b027-41d61d52fa2b,50171353,VfL Wolfsburg,1. FSV Mainz 05,Wolfsburg,Mainz,85.71428571428572,62.5,74.10714285714286,39.37987012987013,2016-10-02 15:30:00+00:00,odds_series_b.csv.gz,ambiguous_or_below_threshold
21d9b058-faa8-448c-b4b3-df7f57bbebe7,50171628,OGC Nizza,FC Lorient,Nice,Lorient,33.333333333333336,100.0,66.66666666666667,20.0,2016-10-02 17:00:00+00:00,odds_series_b.csv.gz,ambiguous_or_below_threshold
6cdbc407-1267-41c8-bfaa-b3cb10677ef6,50170852,SCO Angers,Olympique Marseille,Angers,Marseille,80.0,66.66666666666667,73.33333333333334,23.921568627450988,2016-10-02 15:00:00+00:00,odds_series_b.csv.gz,ambiguous_or_below_threshold
c845a148-ae2b-42d9-9501-9a3753a0ab92,50171976,Olympique Lyon,AS St. Etienne,Lyon,St Etienne,47.05882352941176,90.0,68.52941176470588,24.719887955182074,2016-10-02 20:45:00+00:00,odds_series_b.csv.gz,ambiguous_or_below_threshold
a8fb58cf-3c5c-4cbc-ae53-1513461bde03,50171979,AS Rom,Inter Mailand,AS Roma,Inter,90.9090909090909,58.82352941176471,74.86631016042782,29.916815210932867,2016-10-02 20:45:00+00:00,odds_series_b.csv.gz,ambiguous_or_below_threshold
c92ea348-a8f1-4a49-b2e0-9745df8f2cc3,50171790,FC Turin,AC Florenz,Torino,Fiorentina,72.72727272727273,58.82352941176471,65.77540106951872,17.69847799259564,2016-10-02 18:00:00+00:00,odds_series_b.csv.gz,ambiguous_or_below_threshold
d7467cd5-1367-4ea2-8d24-303115d94197,50171014,FC Bologna,FC Genua 1893,Bologna,Genoa,100.0,57.14285714285714,78.57142857142857,34.82142857142857,2016-10-02 15:00:00+00:00,odds_series_b.csv.gz,ambiguous_or_below_threshold
6e6b79b1-fd17-4b0e-8740-92a9304b8a2d,50171823,Espanyol Barcelona,FC Villarreal,Espanyol,Villarreal,64.0,100.0,82.0,37.042016806722685,2016-10-02 18:30:00+00:00,odds_series_b.csv.gz,ambiguous_or_below_threshold
03c723bc-b194-4241-b945-73def62e8cdc,53790075,Borussia Dortmund,Hertha BSC,Dortmund,Hertha Berlin,66.66666666666667,66.66666666666667,66.66666666666667,25.396825396825406,2016-10-14 20:30:00+00:00,odds_series_b.csv.gz,ambiguous_or_below_threshold
2ff18721-e684-4ee7-b2fe-e46dc7ca28d4,53790107,UD Las Palmas,Espanyol Barcelona,Las Palmas,Espanyol,90.0,64.0,77.0,26.16666666666667,2016-10-14 20:45:00+00:00,odds_series_b.csv.gz,ambiguous_or_below_threshold
44fb6fd9-2d23-41f2-b3e9-d0c472a3196d,54074850,West Bromwich Albion,Tottenham Hotspur,West Brom,Tottenham,61.53846153846154,72.0,66.76923076923077,29.41290893015031,2016-10-15 16:00:00+00:00,odds_series_b.csv.gz,ambiguous_or_below_threshold
727cbe0b-7cd5-48b2-8f55-5a84f48f9d29,54075362,AS Nancy,Paris St. Germain,Nancy,Paris SG,83.33333333333334,66.66666666666667,75.0,26.42857142857143,2016-10-15 17:00:00+00:00,odds_series_b.csv.gz,ambiguous_or_below_threshold
1d2a1803-7f1a-431e-8668-a2965d8706bd,54075547,Delfino Pescara 1936,Sampdoria Genua,Pescara,Sampdoria,56.00000000000001,78.26086956521739,67.1304347826087,23.130434782608702,2016-10-15 18:00:00+00:00,odds_series_b.csv.gz,ambiguous_or_below_threshold
b67c9f58-1864-4243-af87-6cf5f794ea75,54074476,SSC Neapel,AS Rom,Napoli,AS Roma,53.333333333333336,90.9090909090909,72.12121212121212,29.665071770334933,2016-10-15 15:00:00+00:00,odds_series_b.csv.gz,ambiguous_or_below_threshold
6466771d-d1c7-46a4-a1a6-aeb5cd067607,54372559,1. FSV Mainz 05,SV Darmstadt 98,Mainz,Darmstadt,62.5,81.81818181818181,72.1590909090909,32.23814229249011,2016-10-16 15:30:00+00:00,odds_series_b.csv.gz,ambiguous_or_below_threshold
72a2a839-ed57-48a6-90e3-3992e16000ac,54372143,Stade Rennes,Girondins Bordeaux,Rennes,Bordeaux,70.58823529411764,64.0,67.29411764705881,18.65775401069518,2016-10-16 15:00:00+00:00,odds_series_b.csv.gz,ambiguous_or_below_threshold
e54d0882-9654-4335-84dd-9ce8fc747804,54372778,AS St. Etienne,Dijon Football,St Etienne,Dijon,90.0,55.55555555555556,72.77777777777777,31.507936507936506,2016-10-16 17:00:00+00:00,odds_series_b.csv.gz,ambiguous_or_below_threshold
00230c89-574e-4ddc-b20c-4a6ad74eb36c,54373085,AC Chievo Verona,AC Mailand,Chievo,AC Milan,66.66666666666667,83.33333333333334,75.0,35.38961038961038,2016-10-16 20:45:00+00:00,odds_series_b.csv.gz,ambiguous_or_below_threshold
32911b8f-0a21-45da-8632-e9738ffa3fb5,54372252,Inter Mailand,Cagliari Calcio,Inter,Cagliari,58.82352941176471,100.0,79.41176470588235,25.84033613445378,2016-10-16 15:00:00+00:00,odds_series_b.csv.gz,ambiguous_or_below_threshold
e6f48b9e-1f97-4bf6-9ed8-1d5ee4a85412,54372249,FC Genua 1893,FC Empoli,Genoa,Empoli,57.14285714285714,100.0,78.57142857142857,36.9047619047619,2016-10-16 15:00:00+00:00,odds_series_b.csv.gz,ambiguous_or_below_threshold
0492a01e-d63e-49d7-8c5e-65b4c1d66cdc,54372980,Sporting Gijon,FC Valencia,Gijon,Valencia,55.55555555555556,100.0,77.77777777777777,30.40935672514619,2016-10-16 18:30:00+00:00,odds_series_b.csv.gz,ambiguous_or_below_threshold
227b30ba-6584-4f5a-b687-27cacae6b69f,54371477,Deportivo Alavés,FC Malaga,Alaves,Malaga,57.14285714285714,100.0,78.57142857142857,32.06793206793207,2016-10-16 12:00:00+00:00,odds_series_b.csv.gz,ambiguous_or_below_threshold
491bd63c-46c6-4390-be0e-3801a7c8dbd3,56090078,FC Liverpool,West Bromwich Albion,Liverpool,West Brom,100.0,61.53846153846154,80.76923076923077,41.348940914158305,2016-10-22 18:30:00+00:00,odds_series_b.csv.gz,ambiguous_or_below_threshold
1ba838ef-1ec1-4934-a5b4-5092c1c41214,56090175,Girondins Bordeaux,AS Nancy,Bordeaux,Nancy,64.0,83.33333333333334,73.66666666666667,29.52873563218391,2016-10-22 20:00:00+00:00,odds_series_b.csv.gz,ambiguous_or_below_threshold
6db0402f-d777-4d8d-a5ff-2c69b73607c1,56090177,Dijon Football,FC Lorient,Dijon,Lorient,55.55555555555556,100.0,77.77777777777777,34.92063492063492,2016-10-22 20:00:00+00:00,odds_series_b.csv.gz,ambiguous_or_below_threshold
76eebd32-0732-4f3a-9a02-f8c0e186e2bc,56089891,Olympique Lyon,EA Guingamp,Lyon,Guingamp,47.05882352941176,88.88888888888889,67.97385620915033,33.15904139433552,2016-10-22 17:00:00+00:00,odds_series_b.csv.gz,ambiguous_or_below_threshold
e081f4df-66fa-418d-856e-e39a51be3416,56090012,Sampdoria Genua,FC Genua 1893,Sampdoria,Genoa,78.26086956521739,57.14285714285714,67.70186335403727,26.649231775089902,2016-10-22 18:00:00+00:00,odds_series_b.csv.gz,ambiguous_or_below_threshold
63f4e5e3-551d-4d2d-bc0a-9a3c38cc70a3,56090094,Real Sociedad,Deportivo Alavés,Real Sociedad,Alaves,100.0,57.14285714285714,78.57142857142857,37.5187969924812,2016-10-22 18:30:00+00:00,odds_series_b.csv.gz,ambiguous_or_below_threshold
eae7066c-4a3b-4dce-a37a-bba4d5da6789,56088562,Espanyol Barcelona,SD Eibar,Espanyol,Eibar,64.0,83.33333333333334,73.66666666666667,35.484848484848484,2016-10-22 13:00:00+00:00,odds_series_b.csv.gz,ambiguous_or_below_threshold
f99944c0-6a16-41be-b41c-701fa656c18a,56090262,FC Granada,Sporting Gijon,Granada CF,Gijon,100.0,55.55555555555556,77.77777777777777,32.77777777777777,2016-10-22 20:45:00+00:00,odds_series_b.csv.gz,ambiguous_or_below_threshold
fdcb46a0-06db-4498-b1f9-9620c725e649,56389537,FC Schalke 04,1. FSV Mainz 05,Schalke,Mainz,87.5,62.5,75.0,29.588235294117645,2016-10-23 17:30:00+00:00,odds_series_b.csv.gz,ambiguous_or_below_threshold
147f9920-a3e2-4ab2-81b9-90a1487605a0,56389749,Paris St. Germain,Olympique Marseille,Paris SG,Marseille,66.66666666666667,66.66666666666667,66.66666666666667,25.757575757575758,2016-10-23 20:45:00+00:00,odds_series_b.csv.gz,ambiguous_or_below_threshold
22f6cb82-579c-4f02-aab2-6e440118db89,56389468,FC Metz,OGC Nizza,Metz,Nice,100.0,33.333333333333336,66.66666666666667,45.83333333333334,2016-10-23 17:00:00+00:00,odds_series_b.csv.gz,ambiguous_or_below_threshold
4e348d3a-78ea-4248-aaad-cc7616207c3d,56388916,FC Crotone,SSC Neapel,Crotone,Napoli,100.0,53.333333333333336,76.66666666666667,34.019607843137265,2016-10-23 15:00:00+00:00,odds_series_b.csv.gz,ambiguous_or_below_threshold
7624a374-8ec8-4e03-b730-452f2ca6162e,56388230,Udinese Calcio,Delfino Pescara 1936,Udinese,Pescara,100.0,56.00000000000001,78.0,40.73148148148148,2016-10-23 12:30:00+00:00,odds_series_b.csv.gz,ambiguous_or_below_threshold
84bf6bf4-71c0-4f6a-973c-9fdc41c1a336,56388914,Cagliari Calcio,AC Florenz,Cagliari,Fiorentina,100.0,58.82352941176471,79.41176470588235,100.0,2016-10-23 15:00:00+00:00,odds_series_b.csv.gz,ambiguous_or_below_threshold
9f0a7ec9-3f4a-4fa0-96a8-d56596126c17,56388922,FC Turin,Lazio Rom,Torino,Lazio,72.72727272727273,76.92307692307692,74.82517482517483,33.158508158508155,2016-10-23 15:00:00+00:00,odds_series_b.csv.gz,ambiguous_or_below_threshold
d7fb8991-200c-4c1c-86b5-f727ed82ee5a,56951850,FC Genua 1893,AC Mailand,Genoa,AC Milan,57.14285714285714,83.33333333333334,70.23809523809524,41.964285714285715,2016-10-25 20:45:00+00:00,odds_series_b.csv.gz,ambiguous_or_below_threshold
4415eb7d-9fdd-46eb-8397-f12f185f1080,57243295,Juventus Turin,Sampdoria Genua,Juventus,Sampdoria,76.19047619047619,78.26086956521739,77.22567287784679,49.72567287784679,2016-10-26 20:45:00+00:00,odds_series_b.csv.gz,ambiguous_or_below_threshold
514880e7-b8aa-465b-9b56-4509703af637,57243289,AC Florenz,FC Crotone,Fiorentina,Crotone,58.82352941176471,100.0,79.41176470588235,37.348272642390285,2016-10-26 20:45:00+00:00,odds_series_b.csv.gz,ambiguous_or_below_threshold
92aa04d6-568e-433c-a09a-660c304f6fe9,57243292,Inter Mailand,FC Turin,Inter,Torino,58.82352941176471,72.72727272727273,65.77540106951872,20.775401069518722,2016-10-26 20:45:00+00:00,odds_series_b.csv.gz,ambiguous_or_below_threshold
9b6e33ec-8d8f-4e94-bec4-f90f9d069aba,57243301,SSC Neapel,FC Empoli,Napoli,Empoli,53.333333333333336,100.0,76.66666666666667,39.971988795518214,2016-10-26 20:45:00+00:00,odds_series_b.csv.gz,ambiguous_or_below_threshold
d49ad059-654d-47eb-874e-2475bcd409fb,57817888,OSC Lille,Paris St. Germain,Lille,Paris SG,76.92307692307692,66.66666666666667,71.7948717948718,36.72993672993673,2016-10-28 20:45:00+00:00,odds_series_b.csv.gz,ambiguous_or_below_threshold
461715c8-df03-4b3d-adaf-32c7e3e68baf,58105243,Borussia Dortmund,FC Schalke 04,Dortmund,Schalke,66.66666666666667,87.5,77.08333333333334,36.481829573934846,2016-10-29 18:30:00+00:00,odds_series_b.csv.gz,ambiguous_or_below_threshold
6bd2da9d-3055-4392-9630-4c6d7c58d4ca,58104340,1. FSV Mainz 05,FC Ingolstadt 04,Mainz,Ingolstadt,62.5,90.9090909090909,76.70454545454545,38.06818181818182,2016-10-29 15:30:00+00:00,odds_series_b.csv.gz,ambiguous_or_below_threshold
6ee44ce7-0f8b-488b-b8fa-1898a3449027,58104442,Tottenham Hotspur,Leicester City,Tottenham,Leicester,72.0,81.81818181818181,76.9090909090909,35.31364931364931,2016-10-29 16:00:00+00:00,odds_series_b.csv.gz,ambiguous_or_below_threshold
8d89ee63-08f1-43b9-bbf4-722e4d525ee9,58104448,West Bromwich Albion,Manchester City,West Brom,Manchester City,61.53846153846154,100.0,80.76923076923077,42.7930402930403,2016-10-29 16:00:00+00:00,odds_series_b.csv.gz,ambiguous_or_below_threshold
6eeadb61-9dc3-4ee6-85e8-6365189d48b1,58105384,SC Bastia,Dijon Football,Bastia,Dijon,85.71428571428572,55.55555555555556,70.63492063492063,29.384920634920633,2016-10-29 20:00:00+00:00,odds_series_b.csv.gz,ambiguous_or_below_threshold
7f20e9e0-f218-481e-b81e-adf3400d9572,58105027,FC Toulouse,Olympique Lyon,Toulouse,Lyon,100.0,47.05882352941176,73.52941176470588,34.294962003940334,2016-10-29 17:00:00+00:00,odds_series_b.csv.gz,ambiguous_or_below_threshold
3d6188a5-08b5-40a1-981e-631aeb015eb5,58105174,FC Bologna,AC Florenz,Bologna,Fiorentina,100.0,58.82352941176471,79.41176470588235,34.90627020038784,2016-10-29 18:00:00+00:00,odds_series_b.csv.gz,ambiguous_or_below_threshold
05ae3e31-9e42-4473-af39-d246e43b4aa2,58104952,Deportivo Alavés,Real Madrid,Alaves,Real Madrid,57.14285714285714,100.0,78.57142857142857,35.042016806722685,2016-10-29 16:15:00+00:00,odds_series_b.csv.gz,ambiguous_or_below_threshold
b69e2e5d-d417-4b6d-a337-83209351e52f,58103615,Sporting Gijon,FC Sevilla,Gijon,Sevilla,55.55555555555556,100.0,77.77777777777777,23.68421052631578,2016-10-29 13:00:00+00:00,odds_series_b.csv.gz,ambiguous_or_below_threshold
84e52e4c-ca9f-4afe-a7d7-160e059b046d,58394347,1899 Hoffenheim,Hertha BSC,Hoffenheim,Hertha Berlin,83.33333333333334,66.66666666666667,75.0,39.21052631578947,2016-10-30 15:30:00+00:00,odds_series_b.csv.gz,ambiguous_or_below_threshold
1f994004-8be9-4fe5-b577-3e73db429e2b,58394185,OGC Nizza,FC Nantes,Nice,Nantes,33.333333333333336,100.0,66.66666666666667,29.473684210526322,2016-10-30 15:00:00+00:00,odds_series_b.csv.gz,ambiguous_or_below_threshold
69c3c5eb-3554-45f1-866a-6ae70b9caa99,58394883,Olympique Marseille,Girondins Bordeaux,Marseille,Bordeaux,66.66666666666667,64.0,65.33333333333334,27.942028985507257,2016-10-30 20:45:00+00:00,odds_series_b.csv.gz,ambiguous_or_below_threshold
69310cbd-adca-4565-9d70-111d8645db89,58394246,AC Mailand,Delfino Pescara 1936,AC Milan,Pescara,83.33333333333334,56.00000000000001,69.66666666666667,23.769230769230774,2016-10-30 15:00:00+00:00,odds_series_b.csv.gz,ambiguous_or_below_threshold
c6826429-c812-4a34-9139-b7d4b9592b94,58394886,Sampdoria Genua,Inter Mailand,Sampdoria,Inter,78.26086956521739,58.82352941176471,68.54219948849105,18.891849838141397,2016-10-30 20:45:00+00:00,odds_series_b.csv.gz,ambiguous_or_below_threshold
7bcd45ac-667f-4f78-aaf4-6e7adb5dc7e1,58394752,Real Betis,Espanyol Barcelona,Betis,Espanyol,71.42857142857143,64.0,67.71428571428572,21.880952380952387,2016-10-30 18:30:00+00:00,odds_series_b.csv.gz,ambiguous_or_below_threshold
cf936a9d-f77b-40e3-8eab-abc78b3f15b0,59813807,Hertha BSC,Borussia Mönchengladbach,Hertha Berlin,B. Monchengladbach,66.66666666666667,82.05128205128204,74.35897435897436,43.108974358974365,2016-11-04 20:30:00+00:00,odds_series_b.csv.gz,ambiguous_or_below_threshold
e481c8c1-0a11-4c68-bd3c-103eb98ce60c,59813828,HSC Montpellier,Olympique Marseille,Montpellier,Marseille,88.0,66.66666666666667,77.33333333333334,43.47619047619049,2016-11-04 20:45:00+00:00,odds_series_b.csv.gz,ambiguous_or_below_threshold
c37e3e53-cd60-4e42-b7dc-1ab457bbd32f,59813839,FC Malaga,Sporting Gijon,Malaga,Gijon,100.0,55.55555555555556,77.77777777777777,43.71980676328502,2016-11-04 20:45:00+00:00,odds_series_b.csv.gz,ambiguous_or_below_threshold
12f238d9-9fe9-403a-a121-3709734100ff,60116246,Dijon Football,EA Guingamp,Dijon,Guingamp,55.55555555555556,88.88888888888889,72.22222222222223,45.22222222222223,2016-11-05 20:00:00+00:00,odds_series_b.csv.gz,ambiguous_or_below_threshold
71c8b7f3-5700-43f8-b75b-234057cb1390,60116249,Olympique Lyon,SC Bastia,Lyon,Bastia,47.05882352941176,85.71428571428572,66.38655462184875,23.93131165509682,2016-11-05 20:00:00+00:00,odds_series_b.csv.gz,ambiguous_or_below_threshold
ab434cc5-c3f9-4406-a972-30dcf66975da,60116244,Girondins Bordeaux,FC Lorient,Bordeaux,Lorient,64.0,100.0,82.0,40.33333333333333,2016-11-05 20:00:00+00:00,odds_series_b.csv.gz,ambiguous_or_below_threshold
c7666f0d-c869-4ccd-8c69-794735b8af8d,60116305,SSC Neapel,Lazio Rom,Napoli,Lazio,53.333333333333336,76.92307692307692,65.12820512820512,23.951734539969834,2016-11-05 20:45:00+00:00,odds_series_b.csv.gz,ambiguous_or_below_threshold
4d51c126-9373-4d72-a28a-6d950927c159,60116150,CA Osasuna,Deportivo Alavés,Osasuna,Alaves,87.5,57.14285714285714,72.32142857142857,26.139610389610382,2016-11-05 18:30:00+00:00,odds_series_b.csv.gz,ambiguous_or_below_threshold
728dc637-03c5-4930-bb39-a5e1a1e03e39,60432807,RB Leipzig,1. FSV Mainz 05,RB Leipzig,Mainz,100.0,62.5,81.25,48.75,2016-11-06 15:30:00+00:00,odds_series_b.csv.gz,ambiguous_or_below_threshold
bd986464-18a1-4d88-814c-2e721a196c9f,60433153,Leicester City,West Bromwich Albion,Leicester,West Brom,81.81818181818181,61.53846153846154,71.67832167832168,29.93919124353907,2016-11-06 17:30:00+00:00,odds_series_b.csv.gz,ambiguous_or_below_threshold
c88135f6-355e-45ef-aadc-9edbc2016e2d,60433393,Paris St. Germain,Stade Rennes,Paris SG,Rennes,66.66666666666667,70.58823529411764,68.62745098039215,25.066844919786092,2016-11-06 20:45:00+00:00,odds_series_b.csv.gz,ambiguous_or_below_threshold
08ee24bc-b5e1-4d92-bc35-1d8756e79e9e,60432694,FC Genua 1893,Udinese Calcio,Genoa,Udinese,57.14285714285714,100.0,78.57142857142857,38.888888888888886,2016-11-06 15:00:00+00:00,odds_series_b.csv.gz,ambiguous_or_below_threshold
30deeab7-6111-43aa-b4ee-cb3cb51d92b5,60431839,Delfino Pescara 1936,FC Empoli,Pescara,Empoli,56.00000000000001,100.0,78.0,43.18518518518519,2016-11-06 12:30:00+00:00,odds_series_b.csv.gz,ambiguous_or_below_threshold
413e8cb3-b34d-4097-93d1-97d8c8c9f243,60433203,AC Florenz,Sampdoria Genua,Fiorentina,Sampdoria,58.82352941176471,78.26086956521739,68.54219948849105,25.140439957699257,2016-11-06 18:00:00+00:00,odds_series_b.csv.gz,ambiguous_or_below_threshold
89d53084-9cc4-4340-8604-75161cac33ce,60432692,AC Chievo Verona,Juventus Turin,Chievo,Juventus,66.66666666666667,76.19047619047619,71.42857142857143,28.264208909370204,2016-11-06 15:00:00+00:00,odds_series_b.csv.gz,ambiguous_or_below_threshold
d493bfc5-8a35-4a4a-a404-eae17bfa0ec1,60433206,Inter Mailand,FC Crotone,Inter,Crotone,58.82352941176471,100.0,79.41176470588235,31.692466460268314,2016-11-06 18:00:00+00:00,odds_series_b.csv.gz,ambiguous_or_below_threshold
13e34002-0119-4869-80b6-5128d28338fc,60433013,Espanyol Barcelona,Athletic Bilbao,Espanyol,Ath Bilbao,64.0,78.26086956521739,71.13043478260869,20.9055472263868,2016-11-06 16:15:00+00:00,odds_series_b.csv.gz,ambiguous_or_below_threshold
57324f03-9b53-420f-ae7c-7ba0f9d9323e,64352313,Olympique Marseille,SM Caen,Marseille,Caen,66.66666666666667,80.0,73.33333333333334,24.19540229885058,2016-11-20 17:00:00+00:00,odds_series_b.csv.gz,ambiguous_or_below_threshold
7a71e6ed-90ed-426f-9bdd-4cdccf32503e,64352423,Sporting Gijon,Real Sociedad,Gijon,Real Sociedad,55.55555555555556,100.0,77.77777777777777,42.99516908212559,2016-11-20 18:30:00+00:00,odds_series_b.csv.gz,ambiguous_or_below_threshold
